method,repeat,sqp_iteration,inner_qp_iteration,problem_type,dimension,rows,success,error
reduced-space,1,0,-1,LP,51,2,True,
reduced-space,1,0,0,QP,3,2,True,
reduced-space,1,0,1,QP,7,2,True,
reduced-space,1,1,-1,LP,51,3,True,
reduced-space,1,1,0,QP,4,3,True,
reduced-space,1,1,1,QP,7,3,True,
reduced-space,1,2,-1,LP,51,4,True,
reduced-space,1,2,0,QP,5,4,True,
reduced-space,1,2,1,QP,8,4,True,
reduced-space,1,3,-1,LP,51,5,True,
reduced-space,1,3,0,QP,6,5,True,
reduced-space,1,3,1,QP,12,5,True,
reduced-space,1,4,-1,LP,51,6,True,
reduced-space,1,4,0,QP,7,6,True,
reduced-space,1,4,1,QP,12,6,True,
reduced-space,1,4,2,QP,15,6,True,
reduced-space,1,5,-1,LP,51,7,True,
reduced-space,1,5,0,QP,8,7,True,
reduced-space,1,5,1,QP,15,7,True,
reduced-space,1,6,-1,LP,51,8,True,
reduced-space,1,6,0,QP,7,8,True,
reduced-space,1,6,1,QP,13,8,True,
reduced-space,1,7,-1,LP,51,9,True,
reduced-space,1,7,0,QP,8,9,True,
reduced-space,1,7,1,QP,15,9,True,
reduced-space,1,8,-1,LP,51,10,True,
reduced-space,1,8,0,QP,8,10,True,
reduced-space,1,8,1,QP,15,10,True,
reduced-space,1,9,-1,LP,51,11,True,
reduced-space,1,9,0,QP,9,11,True,
reduced-space,1,9,1,QP,17,11,True,
reduced-space,1,10,-1,LP,51,12,True,
reduced-space,1,10,0,QP,9,12,True,
reduced-space,1,10,1,QP,17,12,True,
reduced-space,1,10,2,QP,18,12,True,
reduced-space,1,11,-1,LP,51,13,True,
reduced-space,1,11,0,QP,9,13,True,
reduced-space,1,11,1,QP,15,13,True,
reduced-space,1,11,2,QP,18,13,True,
reduced-space,1,12,-1,LP,51,14,True,
reduced-space,1,12,0,QP,9,14,True,
reduced-space,1,12,1,QP,11,14,True,
reduced-space,1,13,-1,LP,51,15,True,
reduced-space,1,13,0,QP,10,15,True,
reduced-space,1,13,1,QP,14,15,True,
reduced-space,1,14,-1,LP,51,16,True,
reduced-space,1,14,0,QP,11,16,True,
reduced-space,1,14,1,QP,14,16,True,
reduced-space,1,14,2,QP,15,16,True,
reduced-space,1,15,-1,LP,51,17,True,
reduced-space,1,15,0,QP,12,17,True,
reduced-space,1,15,1,QP,18,17,True,
reduced-space,1,16,-1,LP,51,18,True,
reduced-space,1,16,0,QP,9,18,True,
reduced-space,1,16,1,QP,18,18,True,
reduced-space,1,17,-1,LP,51,19,True,
reduced-space,1,17,0,QP,12,19,True,
reduced-space,1,17,1,QP,15,19,True,
reduced-space,1,18,-1,LP,51,20,True,
reduced-space,1,18,0,QP,11,20,True,
reduced-space,1,18,1,QP,16,20,True,
reduced-space,1,18,2,QP,17,20,True,
reduced-space,1,19,-1,LP,51,21,True,
reduced-space,1,19,0,QP,13,21,True,
reduced-space,1,19,1,QP,18,21,True,
reduced-space,1,20,-1,LP,51,22,True,
reduced-space,1,20,0,QP,11,22,True,
reduced-space,1,20,1,QP,17,22,True,
reduced-space,1,20,2,QP,18,22,True,
reduced-space,1,21,-1,LP,51,23,True,
reduced-space,1,21,0,QP,13,23,True,
reduced-space,1,21,1,QP,15,23,True,
reduced-space,1,22,-1,LP,51,24,True,
reduced-space,1,22,0,QP,12,24,True,
reduced-space,1,22,1,QP,18,24,True,
reduced-space,1,23,-1,LP,51,25,True,
reduced-space,1,23,0,QP,11,25,True,
reduced-space,1,23,1,QP,17,25,True,
reduced-space,1,23,2,QP,18,25,True,
reduced-space,1,24,-1,LP,51,26,True,
reduced-space,1,24,0,QP,11,26,True,
reduced-space,1,24,1,QP,17,26,True,
reduced-space,1,25,-1,LP,51,27,True,
reduced-space,1,25,0,QP,12,27,True,
reduced-space,1,25,1,QP,18,27,True,
reduced-space,1,26,-1,LP,51,28,True,
reduced-space,1,26,0,QP,11,28,True,
reduced-space,1,26,1,QP,18,28,True,
reduced-space,1,27,-1,LP,51,29,True,
reduced-space,1,27,0,QP,12,29,True,
reduced-space,1,27,1,QP,18,29,True,
reduced-space,1,28,-1,LP,51,30,True,
reduced-space,1,28,0,QP,12,30,True,
reduced-space,1,28,1,QP,18,30,True,
reduced-space,1,29,-1,LP,51,31,True,
reduced-space,1,29,0,QP,11,31,True,
reduced-space,1,29,1,QP,19,31,True,
reduced-space,1,30,-1,LP,51,32,True,
reduced-space,1,30,0,QP,11,32,True,
reduced-space,1,30,1,QP,20,32,True,
reduced-space,1,31,-1,LP,51,33,True,
reduced-space,1,31,0,QP,11,33,True,
reduced-space,1,31,1,QP,17,33,True,
reduced-space,1,31,2,QP,18,33,True,
reduced-space,1,32,-1,LP,51,34,True,
reduced-space,1,32,0,QP,11,34,True,
reduced-space,1,32,1,QP,17,34,False,"_HighsSubproblemError: HiGHS did not solve the reduced QP to optimality: Solve error (HighsModelStatus.kSolveError). Reduced dimension=17, rows=34, active indices=[1, 2, 7, 9, 13, 14, 15, 21, 24, 31, 32, 35, 36, 37, 41, 47, 50]."
reduced-space,1,32,1,QP,51,34,True,
reduced-space,1,33,-1,LP,51,35,True,
reduced-space,1,33,0,QP,13,35,True,
reduced-space,1,33,1,QP,18,35,True,
reduced-space,1,34,-1,LP,51,36,True,
reduced-space,1,34,0,QP,12,36,True,
reduced-space,1,34,1,QP,19,36,True,
reduced-space,1,35,-1,LP,51,37,True,
reduced-space,1,35,0,QP,13,37,True,
reduced-space,1,35,1,QP,19,37,True,
reduced-space,1,36,-1,LP,51,38,True,
reduced-space,1,36,0,QP,12,38,True,
reduced-space,1,36,1,QP,18,38,True,
reduced-space,1,37,-1,LP,51,39,True,
reduced-space,1,37,0,QP,14,39,True,
reduced-space,1,37,1,QP,18,39,True,
reduced-space,1,37,2,QP,19,39,True,
reduced-space,1,38,-1,LP,51,40,True,
reduced-space,1,38,0,QP,14,40,True,
reduced-space,1,38,1,QP,18,40,True,
reduced-space,1,39,-1,LP,51,41,True,
reduced-space,1,39,0,QP,13,41,True,
reduced-space,1,39,1,QP,18,41,True,
reduced-space,1,39,2,QP,19,41,True,
reduced-space,1,40,-1,LP,51,42,True,
reduced-space,1,40,0,QP,13,42,True,
reduced-space,1,40,1,QP,19,42,True,
reduced-space,1,41,-1,LP,51,43,True,
reduced-space,1,41,0,QP,12,43,True,
reduced-space,1,41,1,QP,18,43,True,
reduced-space,1,42,-1,LP,51,44,True,
reduced-space,1,42,0,QP,14,44,True,
reduced-space,1,42,1,QP,19,44,True,
reduced-space,1,43,-1,LP,51,45,True,
reduced-space,1,43,0,QP,14,45,True,
reduced-space,1,43,1,QP,19,45,True,
reduced-space,1,44,-1,LP,51,46,True,
reduced-space,1,44,0,QP,14,46,True,
reduced-space,1,44,1,QP,19,46,True,
reduced-space,1,45,-1,LP,51,47,True,
reduced-space,1,45,0,QP,14,47,True,
reduced-space,1,45,1,QP,19,47,True,
reduced-space,1,46,-1,LP,51,48,True,
reduced-space,1,46,0,QP,14,48,True,
reduced-space,1,46,1,QP,19,48,True,
reduced-space,1,47,-1,LP,51,49,True,
reduced-space,1,47,0,QP,14,49,True,
reduced-space,1,47,1,QP,19,49,True,
reduced-space,1,48,-1,LP,51,50,True,
reduced-space,1,48,0,QP,14,50,True,
reduced-space,1,48,1,QP,19,50,True,
reduced-space,1,49,-1,LP,51,51,True,
reduced-space,1,49,0,QP,14,51,True,
reduced-space,1,49,1,QP,19,51,True,
reduced-space,1,50,-1,LP,51,52,True,
reduced-space,1,50,0,QP,14,52,True,
reduced-space,1,50,1,QP,19,52,True,
reduced-space,1,51,-1,LP,51,53,True,
reduced-space,1,51,0,QP,14,53,True,
reduced-space,1,51,1,QP,19,53,True,
reduced-space,1,52,-1,LP,51,54,True,
reduced-space,1,52,0,QP,13,54,True,
reduced-space,1,52,1,QP,19,54,True,
reduced-space,1,53,-1,LP,51,55,True,
reduced-space,1,53,0,QP,13,55,True,
reduced-space,1,53,1,QP,19,55,True,
reduced-space,1,54,-1,LP,51,56,True,
reduced-space,1,54,0,QP,13,56,True,
reduced-space,1,54,1,QP,19,56,True,
reduced-space,1,55,-1,LP,51,57,True,
reduced-space,1,55,0,QP,13,57,True,
reduced-space,1,55,1,QP,19,57,True,
reduced-space,1,56,-1,LP,51,58,True,
reduced-space,1,56,0,QP,13,58,True,
reduced-space,1,56,1,QP,19,58,True,
reduced-space,1,57,-1,LP,51,59,True,
reduced-space,1,57,0,QP,13,59,True,
reduced-space,1,57,1,QP,19,59,True,
reduced-space,1,58,-1,LP,51,60,True,
reduced-space,1,58,0,QP,13,60,True,
reduced-space,1,58,1,QP,19,60,True,
reduced-space,1,59,-1,LP,51,61,True,
reduced-space,1,59,0,QP,14,61,True,
reduced-space,1,59,1,QP,19,61,True,
reduced-space,1,60,-1,LP,51,62,True,
reduced-space,1,60,0,QP,14,62,True,
reduced-space,1,60,1,QP,19,62,True,
reduced-space,1,61,-1,LP,51,63,True,
reduced-space,1,61,0,QP,14,63,True,
reduced-space,1,61,1,QP,19,63,True,
reduced-space,1,62,-1,LP,51,64,True,
reduced-space,1,62,0,QP,14,64,True,
reduced-space,1,62,1,QP,19,64,True,
reduced-space,1,63,-1,LP,51,65,True,
reduced-space,1,63,0,QP,14,65,True,
reduced-space,1,63,1,QP,19,65,True,
reduced-space,1,64,-1,LP,51,66,True,
reduced-space,1,64,0,QP,14,66,True,
reduced-space,1,64,1,QP,19,66,True,
reduced-space,1,65,-1,LP,51,67,True,
reduced-space,1,65,0,QP,14,67,True,
reduced-space,1,65,1,QP,19,67,True,
reduced-space,1,66,-1,LP,51,68,True,
reduced-space,1,66,0,QP,13,68,True,
reduced-space,1,66,1,QP,19,68,True,
reduced-space,1,67,-1,LP,51,69,True,
reduced-space,1,67,0,QP,13,69,True,
reduced-space,1,67,1,QP,19,69,True,
reduced-space,1,68,-1,LP,51,70,True,
reduced-space,1,68,0,QP,13,70,True,
reduced-space,1,68,1,QP,19,70,True,
reduced-space,1,69,-1,LP,51,71,True,
reduced-space,1,69,0,QP,13,71,True,
reduced-space,1,69,1,QP,19,71,True,
reduced-space,1,70,-1,LP,51,72,True,
reduced-space,1,70,0,QP,13,72,True,
reduced-space,1,70,1,QP,19,72,True,
reduced-space,1,71,-1,LP,51,73,True,
reduced-space,1,71,0,QP,13,73,True,
reduced-space,1,71,1,QP,19,73,True,
reduced-space,1,72,-1,LP,51,74,True,
reduced-space,1,72,0,QP,13,74,True,
reduced-space,1,72,1,QP,19,74,False,"_HighsSubproblemError: HiGHS did not solve the reduced QP to optimality: Solve error (HighsModelStatus.kSolveError). Reduced dimension=19, rows=74, active indices=[1, 2, 7, 9, 13, 14, 15, 21, 24, 31, 32, 35, 36, 37, 41, 44, 46, 47, 50]."
reduced-space,1,72,1,QP,51,74,True,
reduced-space,1,73,-1,LP,51,75,True,
reduced-space,1,73,0,QP,13,75,True,
reduced-space,1,73,1,QP,19,75,True,
reduced-space,1,74,-1,LP,51,76,True,
reduced-space,1,74,0,QP,13,76,True,
reduced-space,1,74,1,QP,19,76,True,
reduced-space,1,75,-1,LP,51,77,True,
reduced-space,1,75,0,QP,13,77,True,
reduced-space,1,75,1,QP,19,77,True,
reduced-space,1,76,-1,LP,51,78,True,
reduced-space,1,76,0,QP,13,78,True,
reduced-space,1,76,1,QP,19,78,True,
reduced-space,1,77,-1,LP,51,79,True,
reduced-space,1,77,0,QP,13,79,True,
reduced-space,1,77,1,QP,19,79,True,
reduced-space,1,78,-1,LP,51,80,True,
reduced-space,1,78,0,QP,13,80,True,
reduced-space,1,78,1,QP,19,80,True,
reduced-space,1,79,-1,LP,51,81,True,
reduced-space,1,79,0,QP,13,81,True,
reduced-space,1,79,1,QP,19,81,True,
reduced-space,1,80,-1,LP,51,82,True,
reduced-space,1,80,0,QP,13,82,True,
reduced-space,1,80,1,QP,19,82,True,
reduced-space,1,81,-1,LP,51,83,True,
reduced-space,1,81,0,QP,13,83,True,
reduced-space,1,81,1,QP,19,83,True,
reduced-space,1,82,-1,LP,51,84,True,
reduced-space,1,82,0,QP,13,84,True,
reduced-space,1,82,1,QP,19,84,True,
reduced-space,1,83,-1,LP,51,85,True,
reduced-space,1,83,0,QP,13,85,True,
reduced-space,1,83,1,QP,19,85,True,
reduced-space,1,84,-1,LP,51,86,True,
reduced-space,1,84,0,QP,13,86,True,
reduced-space,1,84,1,QP,19,86,True,
reduced-space,1,85,-1,LP,51,87,True,
reduced-space,1,85,0,QP,13,87,True,
reduced-space,1,85,1,QP,19,87,True,
reduced-space,1,86,-1,LP,51,88,True,
reduced-space,1,86,0,QP,13,88,True,
reduced-space,1,86,1,QP,19,88,True,
reduced-space,1,87,-1,LP,51,89,True,
reduced-space,1,87,0,QP,13,89,True,
reduced-space,1,87,1,QP,19,89,True,
reduced-space,1,88,-1,LP,51,90,True,
reduced-space,1,88,0,QP,13,90,True,
reduced-space,1,88,1,QP,19,90,True,
full-space,1,0,0,QP,51,2,True,
full-space,1,1,0,QP,51,3,True,
full-space,1,2,0,QP,51,4,True,
full-space,1,3,0,QP,51,5,True,
full-space,1,4,0,QP,51,6,True,
full-space,1,5,0,QP,51,7,True,
full-space,1,6,0,QP,51,8,True,
full-space,1,7,0,QP,51,9,True,
full-space,1,8,0,QP,51,10,True,
full-space,1,9,0,QP,51,11,True,
full-space,1,10,0,QP,51,12,True,
full-space,1,11,0,QP,51,13,True,
full-space,1,12,0,QP,51,14,True,
full-space,1,13,0,QP,51,15,True,
full-space,1,14,0,QP,51,16,True,
full-space,1,15,0,QP,51,17,True,
full-space,1,16,0,QP,51,18,True,
full-space,1,17,0,QP,51,19,True,
full-space,1,18,0,QP,51,20,True,
full-space,1,19,0,QP,51,21,True,
full-space,1,20,0,QP,51,22,True,
full-space,1,21,0,QP,51,23,True,
full-space,1,22,0,QP,51,24,True,
full-space,1,23,0,QP,51,25,True,
full-space,1,24,0,QP,51,26,True,
full-space,1,25,0,QP,51,27,True,
full-space,1,26,0,QP,51,28,True,
full-space,1,27,0,QP,51,29,True,
full-space,1,28,0,QP,51,30,True,
full-space,1,29,0,QP,51,31,True,
full-space,1,30,0,QP,51,32,True,
full-space,1,31,0,QP,51,33,True,
full-space,1,32,0,QP,51,34,True,
full-space,1,33,0,QP,51,35,True,
full-space,1,34,0,QP,51,36,True,
full-space,1,35,0,QP,51,37,True,
full-space,1,36,0,QP,51,38,True,
full-space,1,37,0,QP,51,39,True,
full-space,1,38,0,QP,51,40,True,
full-space,1,39,0,QP,51,41,True,
full-space,1,40,0,QP,51,42,True,
full-space,1,41,0,QP,51,43,True,
full-space,1,42,0,QP,51,44,True,
full-space,1,43,0,QP,51,45,True,
full-space,1,44,0,QP,51,46,True,
full-space,1,45,0,QP,51,47,True,
full-space,1,46,0,QP,51,48,True,
full-space,1,47,0,QP,51,49,True,
full-space,1,48,0,QP,51,50,True,
full-space,1,49,0,QP,51,51,True,
full-space,1,50,0,QP,51,52,True,
full-space,1,51,0,QP,51,53,True,
full-space,1,52,0,QP,51,54,True,
full-space,1,53,0,QP,51,55,True,
full-space,1,54,0,QP,51,56,True,
full-space,1,55,0,QP,51,57,True,
full-space,1,56,0,QP,51,58,True,
full-space,1,57,0,QP,51,59,True,
full-space,1,58,0,QP,51,60,True,
full-space,1,59,0,QP,51,61,True,
full-space,1,60,0,QP,51,62,True,
full-space,1,61,0,QP,51,63,True,
full-space,1,62,0,QP,51,64,True,
full-space,1,63,0,QP,51,65,True,
full-space,1,64,0,QP,51,66,True,
full-space,1,65,0,QP,51,67,True,
full-space,1,66,0,QP,51,68,True,
full-space,1,67,0,QP,51,69,True,
full-space,1,68,0,QP,51,70,True,
full-space,1,69,0,QP,51,71,True,
full-space,1,70,0,QP,51,72,True,
full-space,1,71,0,QP,51,73,True,
full-space,1,72,0,QP,51,74,True,
full-space,1,73,0,QP,51,75,True,
full-space,1,74,0,QP,51,76,True,
full-space,1,75,0,QP,51,77,True,
full-space,1,76,0,QP,51,78,True,
full-space,1,77,0,QP,51,79,True,
full-space,1,78,0,QP,51,80,True,
full-space,1,79,0,QP,51,81,True,
full-space,1,80,0,QP,51,82,True,
full-space,1,81,0,QP,51,83,True,
full-space,1,82,0,QP,51,84,True,
full-space,1,83,0,QP,51,85,False,"_HighsSubproblemError: HiGHS did not solve the reduced QP to optimality: Solve error (HighsModelStatus.kSolveError). Reduced dimension=51, rows=85, active indices=[0, 1, 2, 3, 4, 5, 6, 7, 8, 9, 10, 11, 12, 13, 14, 15, 16, 17, 18, 19, 20, 21, 22, 23, 24, 25, 26, 27, 28, 29, 30, 31, 32, 33, 34, 35, 36, 37, 38, 39, 40, 41, 42, 43, 44, 45, 46, 47, 48, 49, 50]."
full-space,2,0,0,QP,51,2,True,
full-space,2,1,0,QP,51,3,True,
full-space,2,2,0,QP,51,4,True,
full-space,2,3,0,QP,51,5,True,
full-space,2,4,0,QP,51,6,True,
full-space,2,5,0,QP,51,7,True,
full-space,2,6,0,QP,51,8,True,
full-space,2,7,0,QP,51,9,True,
full-space,2,8,0,QP,51,10,True,
full-space,2,9,0,QP,51,11,True,
full-space,2,10,0,QP,51,12,True,
full-space,2,11,0,QP,51,13,True,
full-space,2,12,0,QP,51,14,True,
full-space,2,13,0,QP,51,15,True,
full-space,2,14,0,QP,51,16,True,
full-space,2,15,0,QP,51,17,True,
full-space,2,16,0,QP,51,18,True,
full-space,2,17,0,QP,51,19,True,
full-space,2,18,0,QP,51,20,True,
full-space,2,19,0,QP,51,21,True,
full-space,2,20,0,QP,51,22,True,
full-space,2,21,0,QP,51,23,True,
full-space,2,22,0,QP,51,24,True,
full-space,2,23,0,QP,51,25,True,
full-space,2,24,0,QP,51,26,True,
full-space,2,25,0,QP,51,27,True,
full-space,2,26,0,QP,51,28,True,
full-space,2,27,0,QP,51,29,True,
full-space,2,28,0,QP,51,30,True,
full-space,2,29,0,QP,51,31,True,
full-space,2,30,0,QP,51,32,True,
full-space,2,31,0,QP,51,33,True,
full-space,2,32,0,QP,51,34,True,
full-space,2,33,0,QP,51,35,True,
full-space,2,34,0,QP,51,36,True,
full-space,2,35,0,QP,51,37,True,
full-space,2,36,0,QP,51,38,True,
full-space,2,37,0,QP,51,39,True,
full-space,2,38,0,QP,51,40,True,
full-space,2,39,0,QP,51,41,True,
full-space,2,40,0,QP,51,42,True,
full-space,2,41,0,QP,51,43,True,
full-space,2,42,0,QP,51,44,True,
full-space,2,43,0,QP,51,45,True,
full-space,2,44,0,QP,51,46,True,
full-space,2,45,0,QP,51,47,True,
full-space,2,46,0,QP,51,48,True,
full-space,2,47,0,QP,51,49,True,
full-space,2,48,0,QP,51,50,True,
full-space,2,49,0,QP,51,51,True,
full-space,2,50,0,QP,51,52,True,
full-space,2,51,0,QP,51,53,True,
full-space,2,52,0,QP,51,54,True,
full-space,2,53,0,QP,51,55,True,
full-space,2,54,0,QP,51,56,True,
full-space,2,55,0,QP,51,57,True,
full-space,2,56,0,QP,51,58,True,
full-space,2,57,0,QP,51,59,True,
full-space,2,58,0,QP,51,60,True,
full-space,2,59,0,QP,51,61,True,
full-space,2,60,0,QP,51,62,True,
full-space,2,61,0,QP,51,63,True,
full-space,2,62,0,QP,51,64,True,
full-space,2,63,0,QP,51,65,True,
full-space,2,64,0,QP,51,66,True,
full-space,2,65,0,QP,51,67,True,
full-space,2,66,0,QP,51,68,True,
full-space,2,67,0,QP,51,69,True,
full-space,2,68,0,QP,51,70,True,
full-space,2,69,0,QP,51,71,True,
full-space,2,70,0,QP,51,72,True,
full-space,2,71,0,QP,51,73,True,
full-space,2,72,0,QP,51,74,True,
full-space,2,73,0,QP,51,75,True,
full-space,2,74,0,QP,51,76,True,
full-space,2,75,0,QP,51,77,True,
full-space,2,76,0,QP,51,78,True,
full-space,2,77,0,QP,51,79,True,
full-space,2,78,0,QP,51,80,True,
full-space,2,79,0,QP,51,81,True,
full-space,2,80,0,QP,51,82,True,
full-space,2,81,0,QP,51,83,True,
full-space,2,82,0,QP,51,84,True,
full-space,2,83,0,QP,51,85,False,"_HighsSubproblemError: HiGHS did not solve the reduced QP to optimality: Solve error (HighsModelStatus.kSolveError). Reduced dimension=51, rows=85, active indices=[0, 1, 2, 3, 4, 5, 6, 7, 8, 9, 10, 11, 12, 13, 14, 15, 16, 17, 18, 19, 20, 21, 22, 23, 24, 25, 26, 27, 28, 29, 30, 31, 32, 33, 34, 35, 36, 37, 38, 39, 40, 41, 42, 43, 44, 45, 46, 47, 48, 49, 50]."
reduced-space,2,0,-1,LP,51,2,True,
reduced-space,2,0,0,QP,3,2,True,
reduced-space,2,0,1,QP,7,2,True,
reduced-space,2,1,-1,LP,51,3,True,
reduced-space,2,1,0,QP,4,3,True,
reduced-space,2,1,1,QP,7,3,True,
reduced-space,2,2,-1,LP,51,4,True,
reduced-space,2,2,0,QP,5,4,True,
reduced-space,2,2,1,QP,8,4,True,
reduced-space,2,3,-1,LP,51,5,True,
reduced-space,2,3,0,QP,6,5,True,
reduced-space,2,3,1,QP,12,5,True,
reduced-space,2,4,-1,LP,51,6,True,
reduced-space,2,4,0,QP,7,6,True,
reduced-space,2,4,1,QP,12,6,True,
reduced-space,2,4,2,QP,15,6,True,
reduced-space,2,5,-1,LP,51,7,True,
reduced-space,2,5,0,QP,8,7,True,
reduced-space,2,5,1,QP,15,7,True,
reduced-space,2,6,-1,LP,51,8,True,
reduced-space,2,6,0,QP,7,8,True,
reduced-space,2,6,1,QP,13,8,True,
reduced-space,2,7,-1,LP,51,9,True,
reduced-space,2,7,0,QP,8,9,True,
reduced-space,2,7,1,QP,15,9,True,
reduced-space,2,8,-1,LP,51,10,True,
reduced-space,2,8,0,QP,8,10,True,
reduced-space,2,8,1,QP,15,10,True,
reduced-space,2,9,-1,LP,51,11,True,
reduced-space,2,9,0,QP,9,11,True,
reduced-space,2,9,1,QP,17,11,True,
reduced-space,2,10,-1,LP,51,12,True,
reduced-space,2,10,0,QP,9,12,True,
reduced-space,2,10,1,QP,17,12,True,
reduced-space,2,10,2,QP,18,12,True,
reduced-space,2,11,-1,LP,51,13,True,
reduced-space,2,11,0,QP,9,13,True,
reduced-space,2,11,1,QP,15,13,True,
reduced-space,2,11,2,QP,18,13,True,
reduced-space,2,12,-1,LP,51,14,True,
reduced-space,2,12,0,QP,9,14,True,
reduced-space,2,12,1,QP,11,14,True,
reduced-space,2,13,-1,LP,51,15,True,
reduced-space,2,13,0,QP,10,15,True,
reduced-space,2,13,1,QP,14,15,True,
reduced-space,2,14,-1,LP,51,16,True,
reduced-space,2,14,0,QP,11,16,True,
reduced-space,2,14,1,QP,14,16,True,
reduced-space,2,14,2,QP,15,16,True,
reduced-space,2,15,-1,LP,51,17,True,
reduced-space,2,15,0,QP,12,17,True,
reduced-space,2,15,1,QP,18,17,True,
reduced-space,2,16,-1,LP,51,18,True,
reduced-space,2,16,0,QP,9,18,True,
reduced-space,2,16,1,QP,18,18,True,
reduced-space,2,17,-1,LP,51,19,True,
reduced-space,2,17,0,QP,12,19,True,
reduced-space,2,17,1,QP,15,19,True,
reduced-space,2,18,-1,LP,51,20,True,
reduced-space,2,18,0,QP,11,20,True,
reduced-space,2,18,1,QP,16,20,True,
reduced-space,2,18,2,QP,17,20,True,
reduced-space,2,19,-1,LP,51,21,True,
reduced-space,2,19,0,QP,13,21,True,
reduced-space,2,19,1,QP,18,21,True,
reduced-space,2,20,-1,LP,51,22,True,
reduced-space,2,20,0,QP,11,22,True,
reduced-space,2,20,1,QP,17,22,True,
reduced-space,2,20,2,QP,18,22,True,
reduced-space,2,21,-1,LP,51,23,True,
reduced-space,2,21,0,QP,13,23,True,
reduced-space,2,21,1,QP,15,23,True,
reduced-space,2,22,-1,LP,51,24,True,
reduced-space,2,22,0,QP,12,24,True,
reduced-space,2,22,1,QP,18,24,True,
reduced-space,2,23,-1,LP,51,25,True,
reduced-space,2,23,0,QP,11,25,True,
reduced-space,2,23,1,QP,17,25,True,
reduced-space,2,23,2,QP,18,25,True,
reduced-space,2,24,-1,LP,51,26,True,
reduced-space,2,24,0,QP,11,26,True,
reduced-space,2,24,1,QP,17,26,True,
reduced-space,2,25,-1,LP,51,27,True,
reduced-space,2,25,0,QP,12,27,True,
reduced-space,2,25,1,QP,18,27,True,
reduced-space,2,26,-1,LP,51,28,True,
reduced-space,2,26,0,QP,11,28,True,
reduced-space,2,26,1,QP,18,28,True,
reduced-space,2,27,-1,LP,51,29,True,
reduced-space,2,27,0,QP,12,29,True,
reduced-space,2,27,1,QP,18,29,True,
reduced-space,2,28,-1,LP,51,30,True,
reduced-space,2,28,0,QP,12,30,True,
reduced-space,2,28,1,QP,18,30,True,
reduced-space,2,29,-1,LP,51,31,True,
reduced-space,2,29,0,QP,11,31,True,
reduced-space,2,29,1,QP,19,31,True,
reduced-space,2,30,-1,LP,51,32,True,
reduced-space,2,30,0,QP,11,32,True,
reduced-space,2,30,1,QP,20,32,True,
reduced-space,2,31,-1,LP,51,33,True,
reduced-space,2,31,0,QP,11,33,True,
reduced-space,2,31,1,QP,17,33,True,
reduced-space,2,31,2,QP,18,33,True,
reduced-space,2,32,-1,LP,51,34,True,
reduced-space,2,32,0,QP,11,34,True,
reduced-space,2,32,1,QP,17,34,False,"_HighsSubproblemError: HiGHS did not solve the reduced QP to optimality: Solve error (HighsModelStatus.kSolveError). Reduced dimension=17, rows=34, active indices=[1, 2, 7, 9, 13, 14, 15, 21, 24, 31, 32, 35, 36, 37, 41, 47, 50]."
reduced-space,2,32,1,QP,51,34,True,
reduced-space,2,33,-1,LP,51,35,True,
reduced-space,2,33,0,QP,13,35,True,
reduced-space,2,33,1,QP,18,35,True,
reduced-space,2,34,-1,LP,51,36,True,
reduced-space,2,34,0,QP,12,36,True,
reduced-space,2,34,1,QP,19,36,True,
reduced-space,2,35,-1,LP,51,37,True,
reduced-space,2,35,0,QP,13,37,True,
reduced-space,2,35,1,QP,19,37,True,
reduced-space,2,36,-1,LP,51,38,True,
reduced-space,2,36,0,QP,12,38,True,
reduced-space,2,36,1,QP,18,38,True,
reduced-space,2,37,-1,LP,51,39,True,
reduced-space,2,37,0,QP,14,39,True,
reduced-space,2,37,1,QP,18,39,True,
reduced-space,2,37,2,QP,19,39,True,
reduced-space,2,38,-1,LP,51,40,True,
reduced-space,2,38,0,QP,14,40,True,
reduced-space,2,38,1,QP,18,40,True,
reduced-space,2,39,-1,LP,51,41,True,
reduced-space,2,39,0,QP,13,41,True,
reduced-space,2,39,1,QP,18,41,True,
reduced-space,2,39,2,QP,19,41,True,
reduced-space,2,40,-1,LP,51,42,True,
reduced-space,2,40,0,QP,13,42,True,
reduced-space,2,40,1,QP,19,42,True,
reduced-space,2,41,-1,LP,51,43,True,
reduced-space,2,41,0,QP,12,43,True,
reduced-space,2,41,1,QP,18,43,True,
reduced-space,2,42,-1,LP,51,44,True,
reduced-space,2,42,0,QP,14,44,True,
reduced-space,2,42,1,QP,19,44,True,
reduced-space,2,43,-1,LP,51,45,True,
reduced-space,2,43,0,QP,14,45,True,
reduced-space,2,43,1,QP,19,45,True,
reduced-space,2,44,-1,LP,51,46,True,
reduced-space,2,44,0,QP,14,46,True,
reduced-space,2,44,1,QP,19,46,True,
reduced-space,2,45,-1,LP,51,47,True,
reduced-space,2,45,0,QP,14,47,True,
reduced-space,2,45,1,QP,19,47,True,
reduced-space,2,46,-1,LP,51,48,True,
reduced-space,2,46,0,QP,14,48,True,
reduced-space,2,46,1,QP,19,48,True,
reduced-space,2,47,-1,LP,51,49,True,
reduced-space,2,47,0,QP,14,49,True,
reduced-space,2,47,1,QP,19,49,True,
reduced-space,2,48,-1,LP,51,50,True,
reduced-space,2,48,0,QP,14,50,True,
reduced-space,2,48,1,QP,19,50,True,
reduced-space,2,49,-1,LP,51,51,True,
reduced-space,2,49,0,QP,14,51,True,
reduced-space,2,49,1,QP,19,51,True,
reduced-space,2,50,-1,LP,51,52,True,
reduced-space,2,50,0,QP,14,52,True,
reduced-space,2,50,1,QP,19,52,True,
reduced-space,2,51,-1,LP,51,53,True,
reduced-space,2,51,0,QP,14,53,True,
reduced-space,2,51,1,QP,19,53,True,
reduced-space,2,52,-1,LP,51,54,True,
reduced-space,2,52,0,QP,13,54,True,
reduced-space,2,52,1,QP,19,54,True,
reduced-space,2,53,-1,LP,51,55,True,
reduced-space,2,53,0,QP,13,55,True,
reduced-space,2,53,1,QP,19,55,True,
reduced-space,2,54,-1,LP,51,56,True,
reduced-space,2,54,0,QP,13,56,True,
reduced-space,2,54,1,QP,19,56,True,
reduced-space,2,55,-1,LP,51,57,True,
reduced-space,2,55,0,QP,13,57,True,
reduced-space,2,55,1,QP,19,57,True,
reduced-space,2,56,-1,LP,51,58,True,
reduced-space,2,56,0,QP,13,58,True,
reduced-space,2,56,1,QP,19,58,True,
reduced-space,2,57,-1,LP,51,59,True,
reduced-space,2,57,0,QP,13,59,True,
reduced-space,2,57,1,QP,19,59,True,
reduced-space,2,58,-1,LP,51,60,True,
reduced-space,2,58,0,QP,13,60,True,
reduced-space,2,58,1,QP,19,60,True,
reduced-space,2,59,-1,LP,51,61,True,
reduced-space,2,59,0,QP,14,61,True,
reduced-space,2,59,1,QP,19,61,True,
reduced-space,2,60,-1,LP,51,62,True,
reduced-space,2,60,0,QP,14,62,True,
reduced-space,2,60,1,QP,19,62,True,
reduced-space,2,61,-1,LP,51,63,True,
reduced-space,2,61,0,QP,14,63,True,
reduced-space,2,61,1,QP,19,63,True,
reduced-space,2,62,-1,LP,51,64,True,
reduced-space,2,62,0,QP,14,64,True,
reduced-space,2,62,1,QP,19,64,True,
reduced-space,2,63,-1,LP,51,65,True,
reduced-space,2,63,0,QP,14,65,True,
reduced-space,2,63,1,QP,19,65,True,
reduced-space,2,64,-1,LP,51,66,True,
reduced-space,2,64,0,QP,14,66,True,
reduced-space,2,64,1,QP,19,66,True,
reduced-space,2,65,-1,LP,51,67,True,
reduced-space,2,65,0,QP,14,67,True,
reduced-space,2,65,1,QP,19,67,True,
reduced-space,2,66,-1,LP,51,68,True,
reduced-space,2,66,0,QP,13,68,True,
reduced-space,2,66,1,QP,19,68,True,
reduced-space,2,67,-1,LP,51,69,True,
reduced-space,2,67,0,QP,13,69,True,
reduced-space,2,67,1,QP,19,69,True,
reduced-space,2,68,-1,LP,51,70,True,
reduced-space,2,68,0,QP,13,70,True,
reduced-space,2,68,1,QP,19,70,True,
reduced-space,2,69,-1,LP,51,71,True,
reduced-space,2,69,0,QP,13,71,True,
reduced-space,2,69,1,QP,19,71,True,
reduced-space,2,70,-1,LP,51,72,True,
reduced-space,2,70,0,QP,13,72,True,
reduced-space,2,70,1,QP,19,72,True,
reduced-space,2,71,-1,LP,51,73,True,
reduced-space,2,71,0,QP,13,73,True,
reduced-space,2,71,1,QP,19,73,True,
reduced-space,2,72,-1,LP,51,74,True,
reduced-space,2,72,0,QP,13,74,True,
reduced-space,2,72,1,QP,19,74,False,"_HighsSubproblemError: HiGHS did not solve the reduced QP to optimality: Solve error (HighsModelStatus.kSolveError). Reduced dimension=19, rows=74, active indices=[1, 2, 7, 9, 13, 14, 15, 21, 24, 31, 32, 35, 36, 37, 41, 44, 46, 47, 50]."
reduced-space,2,72,1,QP,51,74,True,
reduced-space,2,73,-1,LP,51,75,True,
reduced-space,2,73,0,QP,13,75,True,
reduced-space,2,73,1,QP,19,75,True,
reduced-space,2,74,-1,LP,51,76,True,
reduced-space,2,74,0,QP,13,76,True,
reduced-space,2,74,1,QP,19,76,True,
reduced-space,2,75,-1,LP,51,77,True,
reduced-space,2,75,0,QP,13,77,True,
reduced-space,2,75,1,QP,19,77,True,
reduced-space,2,76,-1,LP,51,78,True,
reduced-space,2,76,0,QP,13,78,True,
reduced-space,2,76,1,QP,19,78,True,
reduced-space,2,77,-1,LP,51,79,True,
reduced-space,2,77,0,QP,13,79,True,
reduced-space,2,77,1,QP,19,79,True,
reduced-space,2,78,-1,LP,51,80,True,
reduced-space,2,78,0,QP,13,80,True,
reduced-space,2,78,1,QP,19,80,True,
reduced-space,2,79,-1,LP,51,81,True,
reduced-space,2,79,0,QP,13,81,True,
reduced-space,2,79,1,QP,19,81,True,
reduced-space,2,80,-1,LP,51,82,True,
reduced-space,2,80,0,QP,13,82,True,
reduced-space,2,80,1,QP,19,82,True,
reduced-space,2,81,-1,LP,51,83,True,
reduced-space,2,81,0,QP,13,83,True,
reduced-space,2,81,1,QP,19,83,True,
reduced-space,2,82,-1,LP,51,84,True,
reduced-space,2,82,0,QP,13,84,True,
reduced-space,2,82,1,QP,19,84,True,
reduced-space,2,83,-1,LP,51,85,True,
reduced-space,2,83,0,QP,13,85,True,
reduced-space,2,83,1,QP,19,85,True,
reduced-space,2,84,-1,LP,51,86,True,
reduced-space,2,84,0,QP,13,86,True,
reduced-space,2,84,1,QP,19,86,True,
reduced-space,2,85,-1,LP,51,87,True,
reduced-space,2,85,0,QP,13,87,True,
reduced-space,2,85,1,QP,19,87,True,
reduced-space,2,86,-1,LP,51,88,True,
reduced-space,2,86,0,QP,13,88,True,
reduced-space,2,86,1,QP,19,88,True,
reduced-space,2,87,-1,LP,51,89,True,
reduced-space,2,87,0,QP,13,89,True,
reduced-space,2,87,1,QP,19,89,True,
reduced-space,2,88,-1,LP,51,90,True,
reduced-space,2,88,0,QP,13,90,True,
reduced-space,2,88,1,QP,19,90,True,
reduced-space,3,0,-1,LP,51,2,True,
reduced-space,3,0,0,QP,3,2,True,
reduced-space,3,0,1,QP,7,2,True,
reduced-space,3,1,-1,LP,51,3,True,
reduced-space,3,1,0,QP,4,3,True,
reduced-space,3,1,1,QP,7,3,True,
reduced-space,3,2,-1,LP,51,4,True,
reduced-space,3,2,0,QP,5,4,True,
reduced-space,3,2,1,QP,8,4,True,
reduced-space,3,3,-1,LP,51,5,True,
reduced-space,3,3,0,QP,6,5,True,
reduced-space,3,3,1,QP,12,5,True,
reduced-space,3,4,-1,LP,51,6,True,
reduced-space,3,4,0,QP,7,6,True,
reduced-space,3,4,1,QP,12,6,True,
reduced-space,3,4,2,QP,15,6,True,
reduced-space,3,5,-1,LP,51,7,True,
reduced-space,3,5,0,QP,8,7,True,
reduced-space,3,5,1,QP,15,7,True,
reduced-space,3,6,-1,LP,51,8,True,
reduced-space,3,6,0,QP,7,8,True,
reduced-space,3,6,1,QP,13,8,True,
reduced-space,3,7,-1,LP,51,9,True,
reduced-space,3,7,0,QP,8,9,True,
reduced-space,3,7,1,QP,15,9,True,
reduced-space,3,8,-1,LP,51,10,True,
reduced-space,3,8,0,QP,8,10,True,
reduced-space,3,8,1,QP,15,10,True,
reduced-space,3,9,-1,LP,51,11,True,
reduced-space,3,9,0,QP,9,11,True,
reduced-space,3,9,1,QP,17,11,True,
reduced-space,3,10,-1,LP,51,12,True,
reduced-space,3,10,0,QP,9,12,True,
reduced-space,3,10,1,QP,17,12,True,
reduced-space,3,10,2,QP,18,12,True,
reduced-space,3,11,-1,LP,51,13,True,
reduced-space,3,11,0,QP,9,13,True,
reduced-space,3,11,1,QP,15,13,True,
reduced-space,3,11,2,QP,18,13,True,
reduced-space,3,12,-1,LP,51,14,True,
reduced-space,3,12,0,QP,9,14,True,
reduced-space,3,12,1,QP,11,14,True,
reduced-space,3,13,-1,LP,51,15,True,
reduced-space,3,13,0,QP,10,15,True,
reduced-space,3,13,1,QP,14,15,True,
reduced-space,3,14,-1,LP,51,16,True,
reduced-space,3,14,0,QP,11,16,True,
reduced-space,3,14,1,QP,14,16,True,
reduced-space,3,14,2,QP,15,16,True,
reduced-space,3,15,-1,LP,51,17,True,
reduced-space,3,15,0,QP,12,17,True,
reduced-space,3,15,1,QP,18,17,True,
reduced-space,3,16,-1,LP,51,18,True,
reduced-space,3,16,0,QP,9,18,True,
reduced-space,3,16,1,QP,18,18,True,
reduced-space,3,17,-1,LP,51,19,True,
reduced-space,3,17,0,QP,12,19,True,
reduced-space,3,17,1,QP,15,19,True,
reduced-space,3,18,-1,LP,51,20,True,
reduced-space,3,18,0,QP,11,20,True,
reduced-space,3,18,1,QP,16,20,True,
reduced-space,3,18,2,QP,17,20,True,
reduced-space,3,19,-1,LP,51,21,True,
reduced-space,3,19,0,QP,13,21,True,
reduced-space,3,19,1,QP,18,21,True,
reduced-space,3,20,-1,LP,51,22,True,
reduced-space,3,20,0,QP,11,22,True,
reduced-space,3,20,1,QP,17,22,True,
reduced-space,3,20,2,QP,18,22,True,
reduced-space,3,21,-1,LP,51,23,True,
reduced-space,3,21,0,QP,13,23,True,
reduced-space,3,21,1,QP,15,23,True,
reduced-space,3,22,-1,LP,51,24,True,
reduced-space,3,22,0,QP,12,24,True,
reduced-space,3,22,1,QP,18,24,True,
reduced-space,3,23,-1,LP,51,25,True,
reduced-space,3,23,0,QP,11,25,True,
reduced-space,3,23,1,QP,17,25,True,
reduced-space,3,23,2,QP,18,25,True,
reduced-space,3,24,-1,LP,51,26,True,
reduced-space,3,24,0,QP,11,26,True,
reduced-space,3,24,1,QP,17,26,True,
reduced-space,3,25,-1,LP,51,27,True,
reduced-space,3,25,0,QP,12,27,True,
reduced-space,3,25,1,QP,18,27,True,
reduced-space,3,26,-1,LP,51,28,True,
reduced-space,3,26,0,QP,11,28,True,
reduced-space,3,26,1,QP,18,28,True,
reduced-space,3,27,-1,LP,51,29,True,
reduced-space,3,27,0,QP,12,29,True,
reduced-space,3,27,1,QP,18,29,True,
reduced-space,3,28,-1,LP,51,30,True,
reduced-space,3,28,0,QP,12,30,True,
reduced-space,3,28,1,QP,18,30,True,
reduced-space,3,29,-1,LP,51,31,True,
reduced-space,3,29,0,QP,11,31,True,
reduced-space,3,29,1,QP,19,31,True,
reduced-space,3,30,-1,LP,51,32,True,
reduced-space,3,30,0,QP,11,32,True,
reduced-space,3,30,1,QP,20,32,True,
reduced-space,3,31,-1,LP,51,33,True,
reduced-space,3,31,0,QP,11,33,True,
reduced-space,3,31,1,QP,17,33,True,
reduced-space,3,31,2,QP,18,33,True,
reduced-space,3,32,-1,LP,51,34,True,
reduced-space,3,32,0,QP,11,34,True,
reduced-space,3,32,1,QP,17,34,False,"_HighsSubproblemError: HiGHS did not solve the reduced QP to optimality: Solve error (HighsModelStatus.kSolveError). Reduced dimension=17, rows=34, active indices=[1, 2, 7, 9, 13, 14, 15, 21, 24, 31, 32, 35, 36, 37, 41, 47, 50]."
reduced-space,3,32,1,QP,51,34,True,
reduced-space,3,33,-1,LP,51,35,True,
reduced-space,3,33,0,QP,13,35,True,
reduced-space,3,33,1,QP,18,35,True,
reduced-space,3,34,-1,LP,51,36,True,
reduced-space,3,34,0,QP,12,36,True,
reduced-space,3,34,1,QP,19,36,True,
reduced-space,3,35,-1,LP,51,37,True,
reduced-space,3,35,0,QP,13,37,True,
reduced-space,3,35,1,QP,19,37,True,
reduced-space,3,36,-1,LP,51,38,True,
reduced-space,3,36,0,QP,12,38,True,
reduced-space,3,36,1,QP,18,38,True,
reduced-space,3,37,-1,LP,51,39,True,
reduced-space,3,37,0,QP,14,39,True,
reduced-space,3,37,1,QP,18,39,True,
reduced-space,3,37,2,QP,19,39,True,
reduced-space,3,38,-1,LP,51,40,True,
reduced-space,3,38,0,QP,14,40,True,
reduced-space,3,38,1,QP,18,40,True,
reduced-space,3,39,-1,LP,51,41,True,
reduced-space,3,39,0,QP,13,41,True,
reduced-space,3,39,1,QP,18,41,True,
reduced-space,3,39,2,QP,19,41,True,
reduced-space,3,40,-1,LP,51,42,True,
reduced-space,3,40,0,QP,13,42,True,
reduced-space,3,40,1,QP,19,42,True,
reduced-space,3,41,-1,LP,51,43,True,
reduced-space,3,41,0,QP,12,43,True,
reduced-space,3,41,1,QP,18,43,True,
reduced-space,3,42,-1,LP,51,44,True,
reduced-space,3,42,0,QP,14,44,True,
reduced-space,3,42,1,QP,19,44,True,
reduced-space,3,43,-1,LP,51,45,True,
reduced-space,3,43,0,QP,14,45,True,
reduced-space,3,43,1,QP,19,45,True,
reduced-space,3,44,-1,LP,51,46,True,
reduced-space,3,44,0,QP,14,46,True,
reduced-space,3,44,1,QP,19,46,True,
reduced-space,3,45,-1,LP,51,47,True,
reduced-space,3,45,0,QP,14,47,True,
reduced-space,3,45,1,QP,19,47,True,
reduced-space,3,46,-1,LP,51,48,True,
reduced-space,3,46,0,QP,14,48,True,
reduced-space,3,46,1,QP,19,48,True,
reduced-space,3,47,-1,LP,51,49,True,
reduced-space,3,47,0,QP,14,49,True,
reduced-space,3,47,1,QP,19,49,True,
reduced-space,3,48,-1,LP,51,50,True,
reduced-space,3,48,0,QP,14,50,True,
reduced-space,3,48,1,QP,19,50,True,
reduced-space,3,49,-1,LP,51,51,True,
reduced-space,3,49,0,QP,14,51,True,
reduced-space,3,49,1,QP,19,51,True,
reduced-space,3,50,-1,LP,51,52,True,
reduced-space,3,50,0,QP,14,52,True,
reduced-space,3,50,1,QP,19,52,True,
reduced-space,3,51,-1,LP,51,53,True,
reduced-space,3,51,0,QP,14,53,True,
reduced-space,3,51,1,QP,19,53,True,
reduced-space,3,52,-1,LP,51,54,True,
reduced-space,3,52,0,QP,13,54,True,
reduced-space,3,52,1,QP,19,54,True,
reduced-space,3,53,-1,LP,51,55,True,
reduced-space,3,53,0,QP,13,55,True,
reduced-space,3,53,1,QP,19,55,True,
reduced-space,3,54,-1,LP,51,56,True,
reduced-space,3,54,0,QP,13,56,True,
reduced-space,3,54,1,QP,19,56,True,
reduced-space,3,55,-1,LP,51,57,True,
reduced-space,3,55,0,QP,13,57,True,
reduced-space,3,55,1,QP,19,57,True,
reduced-space,3,56,-1,LP,51,58,True,
reduced-space,3,56,0,QP,13,58,True,
reduced-space,3,56,1,QP,19,58,True,
reduced-space,3,57,-1,LP,51,59,True,
reduced-space,3,57,0,QP,13,59,True,
reduced-space,3,57,1,QP,19,59,True,
reduced-space,3,58,-1,LP,51,60,True,
reduced-space,3,58,0,QP,13,60,True,
reduced-space,3,58,1,QP,19,60,True,
reduced-space,3,59,-1,LP,51,61,True,
reduced-space,3,59,0,QP,14,61,True,
reduced-space,3,59,1,QP,19,61,True,
reduced-space,3,60,-1,LP,51,62,True,
reduced-space,3,60,0,QP,14,62,True,
reduced-space,3,60,1,QP,19,62,True,
reduced-space,3,61,-1,LP,51,63,True,
reduced-space,3,61,0,QP,14,63,True,
reduced-space,3,61,1,QP,19,63,True,
reduced-space,3,62,-1,LP,51,64,True,
reduced-space,3,62,0,QP,14,64,True,
reduced-space,3,62,1,QP,19,64,True,
reduced-space,3,63,-1,LP,51,65,True,
reduced-space,3,63,0,QP,14,65,True,
reduced-space,3,63,1,QP,19,65,True,
reduced-space,3,64,-1,LP,51,66,True,
reduced-space,3,64,0,QP,14,66,True,
reduced-space,3,64,1,QP,19,66,True,
reduced-space,3,65,-1,LP,51,67,True,
reduced-space,3,65,0,QP,14,67,True,
reduced-space,3,65,1,QP,19,67,True,
reduced-space,3,66,-1,LP,51,68,True,
reduced-space,3,66,0,QP,13,68,True,
reduced-space,3,66,1,QP,19,68,True,
reduced-space,3,67,-1,LP,51,69,True,
reduced-space,3,67,0,QP,13,69,True,
reduced-space,3,67,1,QP,19,69,True,
reduced-space,3,68,-1,LP,51,70,True,
reduced-space,3,68,0,QP,13,70,True,
reduced-space,3,68,1,QP,19,70,True,
reduced-space,3,69,-1,LP,51,71,True,
reduced-space,3,69,0,QP,13,71,True,
reduced-space,3,69,1,QP,19,71,True,
reduced-space,3,70,-1,LP,51,72,True,
reduced-space,3,70,0,QP,13,72,True,
reduced-space,3,70,1,QP,19,72,True,
reduced-space,3,71,-1,LP,51,73,True,
reduced-space,3,71,0,QP,13,73,True,
reduced-space,3,71,1,QP,19,73,True,
reduced-space,3,72,-1,LP,51,74,True,
reduced-space,3,72,0,QP,13,74,True,
reduced-space,3,72,1,QP,19,74,False,"_HighsSubproblemError: HiGHS did not solve the reduced QP to optimality: Solve error (HighsModelStatus.kSolveError). Reduced dimension=19, rows=74, active indices=[1, 2, 7, 9, 13, 14, 15, 21, 24, 31, 32, 35, 36, 37, 41, 44, 46, 47, 50]."
reduced-space,3,72,1,QP,51,74,True,
reduced-space,3,73,-1,LP,51,75,True,
reduced-space,3,73,0,QP,13,75,True,
reduced-space,3,73,1,QP,19,75,True,
reduced-space,3,74,-1,LP,51,76,True,
reduced-space,3,74,0,QP,13,76,True,
reduced-space,3,74,1,QP,19,76,True,
reduced-space,3,75,-1,LP,51,77,True,
reduced-space,3,75,0,QP,13,77,True,
reduced-space,3,75,1,QP,19,77,True,
reduced-space,3,76,-1,LP,51,78,True,
reduced-space,3,76,0,QP,13,78,True,
reduced-space,3,76,1,QP,19,78,True,
reduced-space,3,77,-1,LP,51,79,True,
reduced-space,3,77,0,QP,13,79,True,
reduced-space,3,77,1,QP,19,79,True,
reduced-space,3,78,-1,LP,51,80,True,
reduced-space,3,78,0,QP,13,80,True,
reduced-space,3,78,1,QP,19,80,True,
reduced-space,3,79,-1,LP,51,81,True,
reduced-space,3,79,0,QP,13,81,True,
reduced-space,3,79,1,QP,19,81,True,
reduced-space,3,80,-1,LP,51,82,True,
reduced-space,3,80,0,QP,13,82,True,
reduced-space,3,80,1,QP,19,82,True,
reduced-space,3,81,-1,LP,51,83,True,
reduced-space,3,81,0,QP,13,83,True,
reduced-space,3,81,1,QP,19,83,True,
reduced-space,3,82,-1,LP,51,84,True,
reduced-space,3,82,0,QP,13,84,True,
reduced-space,3,82,1,QP,19,84,True,
reduced-space,3,83,-1,LP,51,85,True,
reduced-space,3,83,0,QP,13,85,True,
reduced-space,3,83,1,QP,19,85,True,
reduced-space,3,84,-1,LP,51,86,True,
reduced-space,3,84,0,QP,13,86,True,
reduced-space,3,84,1,QP,19,86,True,
reduced-space,3,85,-1,LP,51,87,True,
reduced-space,3,85,0,QP,13,87,True,
reduced-space,3,85,1,QP,19,87,True,
reduced-space,3,86,-1,LP,51,88,True,
reduced-space,3,86,0,QP,13,88,True,
reduced-space,3,86,1,QP,19,88,True,
reduced-space,3,87,-1,LP,51,89,True,
reduced-space,3,87,0,QP,13,89,True,
reduced-space,3,87,1,QP,19,89,True,
reduced-space,3,88,-1,LP,51,90,True,
reduced-space,3,88,0,QP,13,90,True,
reduced-space,3,88,1,QP,19,90,True,
full-space,3,0,0,QP,51,2,True,
full-space,3,1,0,QP,51,3,True,
full-space,3,2,0,QP,51,4,True,
full-space,3,3,0,QP,51,5,True,
full-space,3,4,0,QP,51,6,True,
full-space,3,5,0,QP,51,7,True,
full-space,3,6,0,QP,51,8,True,
full-space,3,7,0,QP,51,9,True,
full-space,3,8,0,QP,51,10,True,
full-space,3,9,0,QP,51,11,True,
full-space,3,10,0,QP,51,12,True,
full-space,3,11,0,QP,51,13,True,
full-space,3,12,0,QP,51,14,True,
full-space,3,13,0,QP,51,15,True,
full-space,3,14,0,QP,51,16,True,
full-space,3,15,0,QP,51,17,True,
full-space,3,16,0,QP,51,18,True,
full-space,3,17,0,QP,51,19,True,
full-space,3,18,0,QP,51,20,True,
full-space,3,19,0,QP,51,21,True,
full-space,3,20,0,QP,51,22,True,
full-space,3,21,0,QP,51,23,True,
full-space,3,22,0,QP,51,24,True,
full-space,3,23,0,QP,51,25,True,
full-space,3,24,0,QP,51,26,True,
full-space,3,25,0,QP,51,27,True,
full-space,3,26,0,QP,51,28,True,
full-space,3,27,0,QP,51,29,True,
full-space,3,28,0,QP,51,30,True,
full-space,3,29,0,QP,51,31,True,
full-space,3,30,0,QP,51,32,True,
full-space,3,31,0,QP,51,33,True,
full-space,3,32,0,QP,51,34,True,
full-space,3,33,0,QP,51,35,True,
full-space,3,34,0,QP,51,36,True,
full-space,3,35,0,QP,51,37,True,
full-space,3,36,0,QP,51,38,True,
full-space,3,37,0,QP,51,39,True,
full-space,3,38,0,QP,51,40,True,
full-space,3,39,0,QP,51,41,True,
full-space,3,40,0,QP,51,42,True,
full-space,3,41,0,QP,51,43,True,
full-space,3,42,0,QP,51,44,True,
full-space,3,43,0,QP,51,45,True,
full-space,3,44,0,QP,51,46,True,
full-space,3,45,0,QP,51,47,True,
full-space,3,46,0,QP,51,48,True,
full-space,3,47,0,QP,51,49,True,
full-space,3,48,0,QP,51,50,True,
full-space,3,49,0,QP,51,51,True,
full-space,3,50,0,QP,51,52,True,
full-space,3,51,0,QP,51,53,True,
full-space,3,52,0,QP,51,54,True,
full-space,3,53,0,QP,51,55,True,
full-space,3,54,0,QP,51,56,True,
full-space,3,55,0,QP,51,57,True,
full-space,3,56,0,QP,51,58,True,
full-space,3,57,0,QP,51,59,True,
full-space,3,58,0,QP,51,60,True,
full-space,3,59,0,QP,51,61,True,
full-space,3,60,0,QP,51,62,True,
full-space,3,61,0,QP,51,63,True,
full-space,3,62,0,QP,51,64,True,
full-space,3,63,0,QP,51,65,True,
full-space,3,64,0,QP,51,66,True,
full-space,3,65,0,QP,51,67,True,
full-space,3,66,0,QP,51,68,True,
full-space,3,67,0,QP,51,69,True,
full-space,3,68,0,QP,51,70,True,
full-space,3,69,0,QP,51,71,True,
full-space,3,70,0,QP,51,72,True,
full-space,3,71,0,QP,51,73,True,
full-space,3,72,0,QP,51,74,True,
full-space,3,73,0,QP,51,75,True,
full-space,3,74,0,QP,51,76,True,
full-space,3,75,0,QP,51,77,True,
full-space,3,76,0,QP,51,78,True,
full-space,3,77,0,QP,51,79,True,
full-space,3,78,0,QP,51,80,True,
full-space,3,79,0,QP,51,81,True,
full-space,3,80,0,QP,51,82,True,
full-space,3,81,0,QP,51,83,True,
full-space,3,82,0,QP,51,84,True,
full-space,3,83,0,QP,51,85,False,"_HighsSubproblemError: HiGHS did not solve the reduced QP to optimality: Solve error (HighsModelStatus.kSolveError). Reduced dimension=51, rows=85, active indices=[0, 1, 2, 3, 4, 5, 6, 7, 8, 9, 10, 11, 12, 13, 14, 15, 16, 17, 18, 19, 20, 21, 22, 23, 24, 25, 26, 27, 28, 29, 30, 31, 32, 33, 34, 35, 36, 37, 38, 39, 40, 41, 42, 43, 44, 45, 46, 47, 48, 49, 50]."
full-space,4,0,0,QP,51,2,True,
full-space,4,1,0,QP,51,3,True,
full-space,4,2,0,QP,51,4,True,
full-space,4,3,0,QP,51,5,True,
full-space,4,4,0,QP,51,6,True,
full-space,4,5,0,QP,51,7,True,
full-space,4,6,0,QP,51,8,True,
full-space,4,7,0,QP,51,9,True,
full-space,4,8,0,QP,51,10,True,
full-space,4,9,0,QP,51,11,True,
full-space,4,10,0,QP,51,12,True,
full-space,4,11,0,QP,51,13,True,
full-space,4,12,0,QP,51,14,True,
full-space,4,13,0,QP,51,15,True,
full-space,4,14,0,QP,51,16,True,
full-space,4,15,0,QP,51,17,True,
full-space,4,16,0,QP,51,18,True,
full-space,4,17,0,QP,51,19,True,
full-space,4,18,0,QP,51,20,True,
full-space,4,19,0,QP,51,21,True,
full-space,4,20,0,QP,51,22,True,
full-space,4,21,0,QP,51,23,True,
full-space,4,22,0,QP,51,24,True,
full-space,4,23,0,QP,51,25,True,
full-space,4,24,0,QP,51,26,True,
full-space,4,25,0,QP,51,27,True,
full-space,4,26,0,QP,51,28,True,
full-space,4,27,0,QP,51,29,True,
full-space,4,28,0,QP,51,30,True,
full-space,4,29,0,QP,51,31,True,
full-space,4,30,0,QP,51,32,True,
full-space,4,31,0,QP,51,33,True,
full-space,4,32,0,QP,51,34,True,
full-space,4,33,0,QP,51,35,True,
full-space,4,34,0,QP,51,36,True,
full-space,4,35,0,QP,51,37,True,
full-space,4,36,0,QP,51,38,True,
full-space,4,37,0,QP,51,39,True,
full-space,4,38,0,QP,51,40,True,
full-space,4,39,0,QP,51,41,True,
full-space,4,40,0,QP,51,42,True,
full-space,4,41,0,QP,51,43,True,
full-space,4,42,0,QP,51,44,True,
full-space,4,43,0,QP,51,45,True,
full-space,4,44,0,QP,51,46,True,
full-space,4,45,0,QP,51,47,True,
full-space,4,46,0,QP,51,48,True,
full-space,4,47,0,QP,51,49,True,
full-space,4,48,0,QP,51,50,True,
full-space,4,49,0,QP,51,51,True,
full-space,4,50,0,QP,51,52,True,
full-space,4,51,0,QP,51,53,True,
full-space,4,52,0,QP,51,54,True,
full-space,4,53,0,QP,51,55,True,
full-space,4,54,0,QP,51,56,True,
full-space,4,55,0,QP,51,57,True,
full-space,4,56,0,QP,51,58,True,
full-space,4,57,0,QP,51,59,True,
full-space,4,58,0,QP,51,60,True,
full-space,4,59,0,QP,51,61,True,
full-space,4,60,0,QP,51,62,True,
full-space,4,61,0,QP,51,63,True,
full-space,4,62,0,QP,51,64,True,
full-space,4,63,0,QP,51,65,True,
full-space,4,64,0,QP,51,66,True,
full-space,4,65,0,QP,51,67,True,
full-space,4,66,0,QP,51,68,True,
full-space,4,67,0,QP,51,69,True,
full-space,4,68,0,QP,51,70,True,
full-space,4,69,0,QP,51,71,True,
full-space,4,70,0,QP,51,72,True,
full-space,4,71,0,QP,51,73,True,
full-space,4,72,0,QP,51,74,True,
full-space,4,73,0,QP,51,75,True,
full-space,4,74,0,QP,51,76,True,
full-space,4,75,0,QP,51,77,True,
full-space,4,76,0,QP,51,78,True,
full-space,4,77,0,QP,51,79,True,
full-space,4,78,0,QP,51,80,True,
full-space,4,79,0,QP,51,81,True,
full-space,4,80,0,QP,51,82,True,
full-space,4,81,0,QP,51,83,True,
full-space,4,82,0,QP,51,84,True,
full-space,4,83,0,QP,51,85,False,"_HighsSubproblemError: HiGHS did not solve the reduced QP to optimality: Solve error (HighsModelStatus.kSolveError). Reduced dimension=51, rows=85, active indices=[0, 1, 2, 3, 4, 5, 6, 7, 8, 9, 10, 11, 12, 13, 14, 15, 16, 17, 18, 19, 20, 21, 22, 23, 24, 25, 26, 27, 28, 29, 30, 31, 32, 33, 34, 35, 36, 37, 38, 39, 40, 41, 42, 43, 44, 45, 46, 47, 48, 49, 50]."
reduced-space,4,0,-1,LP,51,2,True,
reduced-space,4,0,0,QP,3,2,True,
reduced-space,4,0,1,QP,7,2,True,
reduced-space,4,1,-1,LP,51,3,True,
reduced-space,4,1,0,QP,4,3,True,
reduced-space,4,1,1,QP,7,3,True,
reduced-space,4,2,-1,LP,51,4,True,
reduced-space,4,2,0,QP,5,4,True,
reduced-space,4,2,1,QP,8,4,True,
reduced-space,4,3,-1,LP,51,5,True,
reduced-space,4,3,0,QP,6,5,True,
reduced-space,4,3,1,QP,12,5,True,
reduced-space,4,4,-1,LP,51,6,True,
reduced-space,4,4,0,QP,7,6,True,
reduced-space,4,4,1,QP,12,6,True,
reduced-space,4,4,2,QP,15,6,True,
reduced-space,4,5,-1,LP,51,7,True,
reduced-space,4,5,0,QP,8,7,True,
reduced-space,4,5,1,QP,15,7,True,
reduced-space,4,6,-1,LP,51,8,True,
reduced-space,4,6,0,QP,7,8,True,
reduced-space,4,6,1,QP,13,8,True,
reduced-space,4,7,-1,LP,51,9,True,
reduced-space,4,7,0,QP,8,9,True,
reduced-space,4,7,1,QP,15,9,True,
reduced-space,4,8,-1,LP,51,10,True,
reduced-space,4,8,0,QP,8,10,True,
reduced-space,4,8,1,QP,15,10,True,
reduced-space,4,9,-1,LP,51,11,True,
reduced-space,4,9,0,QP,9,11,True,
reduced-space,4,9,1,QP,17,11,True,
reduced-space,4,10,-1,LP,51,12,True,
reduced-space,4,10,0,QP,9,12,True,
reduced-space,4,10,1,QP,17,12,True,
reduced-space,4,10,2,QP,18,12,True,
reduced-space,4,11,-1,LP,51,13,True,
reduced-space,4,11,0,QP,9,13,True,
reduced-space,4,11,1,QP,15,13,True,
reduced-space,4,11,2,QP,18,13,True,
reduced-space,4,12,-1,LP,51,14,True,
reduced-space,4,12,0,QP,9,14,True,
reduced-space,4,12,1,QP,11,14,True,
reduced-space,4,13,-1,LP,51,15,True,
reduced-space,4,13,0,QP,10,15,True,
reduced-space,4,13,1,QP,14,15,True,
reduced-space,4,14,-1,LP,51,16,True,
reduced-space,4,14,0,QP,11,16,True,
reduced-space,4,14,1,QP,14,16,True,
reduced-space,4,14,2,QP,15,16,True,
reduced-space,4,15,-1,LP,51,17,True,
reduced-space,4,15,0,QP,12,17,True,
reduced-space,4,15,1,QP,18,17,True,
reduced-space,4,16,-1,LP,51,18,True,
reduced-space,4,16,0,QP,9,18,True,
reduced-space,4,16,1,QP,18,18,True,
reduced-space,4,17,-1,LP,51,19,True,
reduced-space,4,17,0,QP,12,19,True,
reduced-space,4,17,1,QP,15,19,True,
reduced-space,4,18,-1,LP,51,20,True,
reduced-space,4,18,0,QP,11,20,True,
reduced-space,4,18,1,QP,16,20,True,
reduced-space,4,18,2,QP,17,20,True,
reduced-space,4,19,-1,LP,51,21,True,
reduced-space,4,19,0,QP,13,21,True,
reduced-space,4,19,1,QP,18,21,True,
reduced-space,4,20,-1,LP,51,22,True,
reduced-space,4,20,0,QP,11,22,True,
reduced-space,4,20,1,QP,17,22,True,
reduced-space,4,20,2,QP,18,22,True,
reduced-space,4,21,-1,LP,51,23,True,
reduced-space,4,21,0,QP,13,23,True,
reduced-space,4,21,1,QP,15,23,True,
reduced-space,4,22,-1,LP,51,24,True,
reduced-space,4,22,0,QP,12,24,True,
reduced-space,4,22,1,QP,18,24,True,
reduced-space,4,23,-1,LP,51,25,True,
reduced-space,4,23,0,QP,11,25,True,
reduced-space,4,23,1,QP,17,25,True,
reduced-space,4,23,2,QP,18,25,True,
reduced-space,4,24,-1,LP,51,26,True,
reduced-space,4,24,0,QP,11,26,True,
reduced-space,4,24,1,QP,17,26,True,
reduced-space,4,25,-1,LP,51,27,True,
reduced-space,4,25,0,QP,12,27,True,
reduced-space,4,25,1,QP,18,27,True,
reduced-space,4,26,-1,LP,51,28,True,
reduced-space,4,26,0,QP,11,28,True,
reduced-space,4,26,1,QP,18,28,True,
reduced-space,4,27,-1,LP,51,29,True,
reduced-space,4,27,0,QP,12,29,True,
reduced-space,4,27,1,QP,18,29,True,
reduced-space,4,28,-1,LP,51,30,True,
reduced-space,4,28,0,QP,12,30,True,
reduced-space,4,28,1,QP,18,30,True,
reduced-space,4,29,-1,LP,51,31,True,
reduced-space,4,29,0,QP,11,31,True,
reduced-space,4,29,1,QP,19,31,True,
reduced-space,4,30,-1,LP,51,32,True,
reduced-space,4,30,0,QP,11,32,True,
reduced-space,4,30,1,QP,20,32,True,
reduced-space,4,31,-1,LP,51,33,True,
reduced-space,4,31,0,QP,11,33,True,
reduced-space,4,31,1,QP,17,33,True,
reduced-space,4,31,2,QP,18,33,True,
reduced-space,4,32,-1,LP,51,34,True,
reduced-space,4,32,0,QP,11,34,True,
reduced-space,4,32,1,QP,17,34,False,"_HighsSubproblemError: HiGHS did not solve the reduced QP to optimality: Solve error (HighsModelStatus.kSolveError). Reduced dimension=17, rows=34, active indices=[1, 2, 7, 9, 13, 14, 15, 21, 24, 31, 32, 35, 36, 37, 41, 47, 50]."
reduced-space,4,32,1,QP,51,34,True,
reduced-space,4,33,-1,LP,51,35,True,
reduced-space,4,33,0,QP,13,35,True,
reduced-space,4,33,1,QP,18,35,True,
reduced-space,4,34,-1,LP,51,36,True,
reduced-space,4,34,0,QP,12,36,True,
reduced-space,4,34,1,QP,19,36,True,
reduced-space,4,35,-1,LP,51,37,True,
reduced-space,4,35,0,QP,13,37,True,
reduced-space,4,35,1,QP,19,37,True,
reduced-space,4,36,-1,LP,51,38,True,
reduced-space,4,36,0,QP,12,38,True,
reduced-space,4,36,1,QP,18,38,True,
reduced-space,4,37,-1,LP,51,39,True,
reduced-space,4,37,0,QP,14,39,True,
reduced-space,4,37,1,QP,18,39,True,
reduced-space,4,37,2,QP,19,39,True,
reduced-space,4,38,-1,LP,51,40,True,
reduced-space,4,38,0,QP,14,40,True,
reduced-space,4,38,1,QP,18,40,True,
reduced-space,4,39,-1,LP,51,41,True,
reduced-space,4,39,0,QP,13,41,True,
reduced-space,4,39,1,QP,18,41,True,
reduced-space,4,39,2,QP,19,41,True,
reduced-space,4,40,-1,LP,51,42,True,
reduced-space,4,40,0,QP,13,42,True,
reduced-space,4,40,1,QP,19,42,True,
reduced-space,4,41,-1,LP,51,43,True,
reduced-space,4,41,0,QP,12,43,True,
reduced-space,4,41,1,QP,18,43,True,
reduced-space,4,42,-1,LP,51,44,True,
reduced-space,4,42,0,QP,14,44,True,
reduced-space,4,42,1,QP,19,44,True,
reduced-space,4,43,-1,LP,51,45,True,
reduced-space,4,43,0,QP,14,45,True,
reduced-space,4,43,1,QP,19,45,True,
reduced-space,4,44,-1,LP,51,46,True,
reduced-space,4,44,0,QP,14,46,True,
reduced-space,4,44,1,QP,19,46,True,
reduced-space,4,45,-1,LP,51,47,True,
reduced-space,4,45,0,QP,14,47,True,
reduced-space,4,45,1,QP,19,47,True,
reduced-space,4,46,-1,LP,51,48,True,
reduced-space,4,46,0,QP,14,48,True,
reduced-space,4,46,1,QP,19,48,True,
reduced-space,4,47,-1,LP,51,49,True,
reduced-space,4,47,0,QP,14,49,True,
reduced-space,4,47,1,QP,19,49,True,
reduced-space,4,48,-1,LP,51,50,True,
reduced-space,4,48,0,QP,14,50,True,
reduced-space,4,48,1,QP,19,50,True,
reduced-space,4,49,-1,LP,51,51,True,
reduced-space,4,49,0,QP,14,51,True,
reduced-space,4,49,1,QP,19,51,True,
reduced-space,4,50,-1,LP,51,52,True,
reduced-space,4,50,0,QP,14,52,True,
reduced-space,4,50,1,QP,19,52,True,
reduced-space,4,51,-1,LP,51,53,True,
reduced-space,4,51,0,QP,14,53,True,
reduced-space,4,51,1,QP,19,53,True,
reduced-space,4,52,-1,LP,51,54,True,
reduced-space,4,52,0,QP,13,54,True,
reduced-space,4,52,1,QP,19,54,True,
reduced-space,4,53,-1,LP,51,55,True,
reduced-space,4,53,0,QP,13,55,True,
reduced-space,4,53,1,QP,19,55,True,
reduced-space,4,54,-1,LP,51,56,True,
reduced-space,4,54,0,QP,13,56,True,
reduced-space,4,54,1,QP,19,56,True,
reduced-space,4,55,-1,LP,51,57,True,
reduced-space,4,55,0,QP,13,57,True,
reduced-space,4,55,1,QP,19,57,True,
reduced-space,4,56,-1,LP,51,58,True,
reduced-space,4,56,0,QP,13,58,True,
reduced-space,4,56,1,QP,19,58,True,
reduced-space,4,57,-1,LP,51,59,True,
reduced-space,4,57,0,QP,13,59,True,
reduced-space,4,57,1,QP,19,59,True,
reduced-space,4,58,-1,LP,51,60,True,
reduced-space,4,58,0,QP,13,60,True,
reduced-space,4,58,1,QP,19,60,True,
reduced-space,4,59,-1,LP,51,61,True,
reduced-space,4,59,0,QP,14,61,True,
reduced-space,4,59,1,QP,19,61,True,
reduced-space,4,60,-1,LP,51,62,True,
reduced-space,4,60,0,QP,14,62,True,
reduced-space,4,60,1,QP,19,62,True,
reduced-space,4,61,-1,LP,51,63,True,
reduced-space,4,61,0,QP,14,63,True,
reduced-space,4,61,1,QP,19,63,True,
reduced-space,4,62,-1,LP,51,64,True,
reduced-space,4,62,0,QP,14,64,True,
reduced-space,4,62,1,QP,19,64,True,
reduced-space,4,63,-1,LP,51,65,True,
reduced-space,4,63,0,QP,14,65,True,
reduced-space,4,63,1,QP,19,65,True,
reduced-space,4,64,-1,LP,51,66,True,
reduced-space,4,64,0,QP,14,66,True,
reduced-space,4,64,1,QP,19,66,True,
reduced-space,4,65,-1,LP,51,67,True,
reduced-space,4,65,0,QP,14,67,True,
reduced-space,4,65,1,QP,19,67,True,
reduced-space,4,66,-1,LP,51,68,True,
reduced-space,4,66,0,QP,13,68,True,
reduced-space,4,66,1,QP,19,68,True,
reduced-space,4,67,-1,LP,51,69,True,
reduced-space,4,67,0,QP,13,69,True,
reduced-space,4,67,1,QP,19,69,True,
reduced-space,4,68,-1,LP,51,70,True,
reduced-space,4,68,0,QP,13,70,True,
reduced-space,4,68,1,QP,19,70,True,
reduced-space,4,69,-1,LP,51,71,True,
reduced-space,4,69,0,QP,13,71,True,
reduced-space,4,69,1,QP,19,71,True,
reduced-space,4,70,-1,LP,51,72,True,
reduced-space,4,70,0,QP,13,72,True,
reduced-space,4,70,1,QP,19,72,True,
reduced-space,4,71,-1,LP,51,73,True,
reduced-space,4,71,0,QP,13,73,True,
reduced-space,4,71,1,QP,19,73,True,
reduced-space,4,72,-1,LP,51,74,True,
reduced-space,4,72,0,QP,13,74,True,
reduced-space,4,72,1,QP,19,74,False,"_HighsSubproblemError: HiGHS did not solve the reduced QP to optimality: Solve error (HighsModelStatus.kSolveError). Reduced dimension=19, rows=74, active indices=[1, 2, 7, 9, 13, 14, 15, 21, 24, 31, 32, 35, 36, 37, 41, 44, 46, 47, 50]."
reduced-space,4,72,1,QP,51,74,True,
reduced-space,4,73,-1,LP,51,75,True,
reduced-space,4,73,0,QP,13,75,True,
reduced-space,4,73,1,QP,19,75,True,
reduced-space,4,74,-1,LP,51,76,True,
reduced-space,4,74,0,QP,13,76,True,
reduced-space,4,74,1,QP,19,76,True,
reduced-space,4,75,-1,LP,51,77,True,
reduced-space,4,75,0,QP,13,77,True,
reduced-space,4,75,1,QP,19,77,True,
reduced-space,4,76,-1,LP,51,78,True,
reduced-space,4,76,0,QP,13,78,True,
reduced-space,4,76,1,QP,19,78,True,
reduced-space,4,77,-1,LP,51,79,True,
reduced-space,4,77,0,QP,13,79,True,
reduced-space,4,77,1,QP,19,79,True,
reduced-space,4,78,-1,LP,51,80,True,
reduced-space,4,78,0,QP,13,80,True,
reduced-space,4,78,1,QP,19,80,True,
reduced-space,4,79,-1,LP,51,81,True,
reduced-space,4,79,0,QP,13,81,True,
reduced-space,4,79,1,QP,19,81,True,
reduced-space,4,80,-1,LP,51,82,True,
reduced-space,4,80,0,QP,13,82,True,
reduced-space,4,80,1,QP,19,82,True,
reduced-space,4,81,-1,LP,51,83,True,
reduced-space,4,81,0,QP,13,83,True,
reduced-space,4,81,1,QP,19,83,True,
reduced-space,4,82,-1,LP,51,84,True,
reduced-space,4,82,0,QP,13,84,True,
reduced-space,4,82,1,QP,19,84,True,
reduced-space,4,83,-1,LP,51,85,True,
reduced-space,4,83,0,QP,13,85,True,
reduced-space,4,83,1,QP,19,85,True,
reduced-space,4,84,-1,LP,51,86,True,
reduced-space,4,84,0,QP,13,86,True,
reduced-space,4,84,1,QP,19,86,True,
reduced-space,4,85,-1,LP,51,87,True,
reduced-space,4,85,0,QP,13,87,True,
reduced-space,4,85,1,QP,19,87,True,
reduced-space,4,86,-1,LP,51,88,True,
reduced-space,4,86,0,QP,13,88,True,
reduced-space,4,86,1,QP,19,88,True,
reduced-space,4,87,-1,LP,51,89,True,
reduced-space,4,87,0,QP,13,89,True,
reduced-space,4,87,1,QP,19,89,True,
reduced-space,4,88,-1,LP,51,90,True,
reduced-space,4,88,0,QP,13,90,True,
reduced-space,4,88,1,QP,19,90,True,
reduced-space,5,0,-1,LP,51,2,True,
reduced-space,5,0,0,QP,3,2,True,
reduced-space,5,0,1,QP,7,2,True,
reduced-space,5,1,-1,LP,51,3,True,
reduced-space,5,1,0,QP,4,3,True,
reduced-space,5,1,1,QP,7,3,True,
reduced-space,5,2,-1,LP,51,4,True,
reduced-space,5,2,0,QP,5,4,True,
reduced-space,5,2,1,QP,8,4,True,
reduced-space,5,3,-1,LP,51,5,True,
reduced-space,5,3,0,QP,6,5,True,
reduced-space,5,3,1,QP,12,5,True,
reduced-space,5,4,-1,LP,51,6,True,
reduced-space,5,4,0,QP,7,6,True,
reduced-space,5,4,1,QP,12,6,True,
reduced-space,5,4,2,QP,15,6,True,
reduced-space,5,5,-1,LP,51,7,True,
reduced-space,5,5,0,QP,8,7,True,
reduced-space,5,5,1,QP,15,7,True,
reduced-space,5,6,-1,LP,51,8,True,
reduced-space,5,6,0,QP,7,8,True,
reduced-space,5,6,1,QP,13,8,True,
reduced-space,5,7,-1,LP,51,9,True,
reduced-space,5,7,0,QP,8,9,True,
reduced-space,5,7,1,QP,15,9,True,
reduced-space,5,8,-1,LP,51,10,True,
reduced-space,5,8,0,QP,8,10,True,
reduced-space,5,8,1,QP,15,10,True,
reduced-space,5,9,-1,LP,51,11,True,
reduced-space,5,9,0,QP,9,11,True,
reduced-space,5,9,1,QP,17,11,True,
reduced-space,5,10,-1,LP,51,12,True,
reduced-space,5,10,0,QP,9,12,True,
reduced-space,5,10,1,QP,17,12,True,
reduced-space,5,10,2,QP,18,12,True,
reduced-space,5,11,-1,LP,51,13,True,
reduced-space,5,11,0,QP,9,13,True,
reduced-space,5,11,1,QP,15,13,True,
reduced-space,5,11,2,QP,18,13,True,
reduced-space,5,12,-1,LP,51,14,True,
reduced-space,5,12,0,QP,9,14,True,
reduced-space,5,12,1,QP,11,14,True,
reduced-space,5,13,-1,LP,51,15,True,
reduced-space,5,13,0,QP,10,15,True,
reduced-space,5,13,1,QP,14,15,True,
reduced-space,5,14,-1,LP,51,16,True,
reduced-space,5,14,0,QP,11,16,True,
reduced-space,5,14,1,QP,14,16,True,
reduced-space,5,14,2,QP,15,16,True,
reduced-space,5,15,-1,LP,51,17,True,
reduced-space,5,15,0,QP,12,17,True,
reduced-space,5,15,1,QP,18,17,True,
reduced-space,5,16,-1,LP,51,18,True,
reduced-space,5,16,0,QP,9,18,True,
reduced-space,5,16,1,QP,18,18,True,
reduced-space,5,17,-1,LP,51,19,True,
reduced-space,5,17,0,QP,12,19,True,
reduced-space,5,17,1,QP,15,19,True,
reduced-space,5,18,-1,LP,51,20,True,
reduced-space,5,18,0,QP,11,20,True,
reduced-space,5,18,1,QP,16,20,True,
reduced-space,5,18,2,QP,17,20,True,
reduced-space,5,19,-1,LP,51,21,True,
reduced-space,5,19,0,QP,13,21,True,
reduced-space,5,19,1,QP,18,21,True,
reduced-space,5,20,-1,LP,51,22,True,
reduced-space,5,20,0,QP,11,22,True,
reduced-space,5,20,1,QP,17,22,True,
reduced-space,5,20,2,QP,18,22,True,
reduced-space,5,21,-1,LP,51,23,True,
reduced-space,5,21,0,QP,13,23,True,
reduced-space,5,21,1,QP,15,23,True,
reduced-space,5,22,-1,LP,51,24,True,
reduced-space,5,22,0,QP,12,24,True,
reduced-space,5,22,1,QP,18,24,True,
reduced-space,5,23,-1,LP,51,25,True,
reduced-space,5,23,0,QP,11,25,True,
reduced-space,5,23,1,QP,17,25,True,
reduced-space,5,23,2,QP,18,25,True,
reduced-space,5,24,-1,LP,51,26,True,
reduced-space,5,24,0,QP,11,26,True,
reduced-space,5,24,1,QP,17,26,True,
reduced-space,5,25,-1,LP,51,27,True,
reduced-space,5,25,0,QP,12,27,True,
reduced-space,5,25,1,QP,18,27,True,
reduced-space,5,26,-1,LP,51,28,True,
reduced-space,5,26,0,QP,11,28,True,
reduced-space,5,26,1,QP,18,28,True,
reduced-space,5,27,-1,LP,51,29,True,
reduced-space,5,27,0,QP,12,29,True,
reduced-space,5,27,1,QP,18,29,True,
reduced-space,5,28,-1,LP,51,30,True,
reduced-space,5,28,0,QP,12,30,True,
reduced-space,5,28,1,QP,18,30,True,
reduced-space,5,29,-1,LP,51,31,True,
reduced-space,5,29,0,QP,11,31,True,
reduced-space,5,29,1,QP,19,31,True,
reduced-space,5,30,-1,LP,51,32,True,
reduced-space,5,30,0,QP,11,32,True,
reduced-space,5,30,1,QP,20,32,True,
reduced-space,5,31,-1,LP,51,33,True,
reduced-space,5,31,0,QP,11,33,True,
reduced-space,5,31,1,QP,17,33,True,
reduced-space,5,31,2,QP,18,33,True,
reduced-space,5,32,-1,LP,51,34,True,
reduced-space,5,32,0,QP,11,34,True,
reduced-space,5,32,1,QP,17,34,False,"_HighsSubproblemError: HiGHS did not solve the reduced QP to optimality: Solve error (HighsModelStatus.kSolveError). Reduced dimension=17, rows=34, active indices=[1, 2, 7, 9, 13, 14, 15, 21, 24, 31, 32, 35, 36, 37, 41, 47, 50]."
reduced-space,5,32,1,QP,51,34,True,
reduced-space,5,33,-1,LP,51,35,True,
reduced-space,5,33,0,QP,13,35,True,
reduced-space,5,33,1,QP,18,35,True,
reduced-space,5,34,-1,LP,51,36,True,
reduced-space,5,34,0,QP,12,36,True,
reduced-space,5,34,1,QP,19,36,True,
reduced-space,5,35,-1,LP,51,37,True,
reduced-space,5,35,0,QP,13,37,True,
reduced-space,5,35,1,QP,19,37,True,
reduced-space,5,36,-1,LP,51,38,True,
reduced-space,5,36,0,QP,12,38,True,
reduced-space,5,36,1,QP,18,38,True,
reduced-space,5,37,-1,LP,51,39,True,
reduced-space,5,37,0,QP,14,39,True,
reduced-space,5,37,1,QP,18,39,True,
reduced-space,5,37,2,QP,19,39,True,
reduced-space,5,38,-1,LP,51,40,True,
reduced-space,5,38,0,QP,14,40,True,
reduced-space,5,38,1,QP,18,40,True,
reduced-space,5,39,-1,LP,51,41,True,
reduced-space,5,39,0,QP,13,41,True,
reduced-space,5,39,1,QP,18,41,True,
reduced-space,5,39,2,QP,19,41,True,
reduced-space,5,40,-1,LP,51,42,True,
reduced-space,5,40,0,QP,13,42,True,
reduced-space,5,40,1,QP,19,42,True,
reduced-space,5,41,-1,LP,51,43,True,
reduced-space,5,41,0,QP,12,43,True,
reduced-space,5,41,1,QP,18,43,True,
reduced-space,5,42,-1,LP,51,44,True,
reduced-space,5,42,0,QP,14,44,True,
reduced-space,5,42,1,QP,19,44,True,
reduced-space,5,43,-1,LP,51,45,True,
reduced-space,5,43,0,QP,14,45,True,
reduced-space,5,43,1,QP,19,45,True,
reduced-space,5,44,-1,LP,51,46,True,
reduced-space,5,44,0,QP,14,46,True,
reduced-space,5,44,1,QP,19,46,True,
reduced-space,5,45,-1,LP,51,47,True,
reduced-space,5,45,0,QP,14,47,True,
reduced-space,5,45,1,QP,19,47,True,
reduced-space,5,46,-1,LP,51,48,True,
reduced-space,5,46,0,QP,14,48,True,
reduced-space,5,46,1,QP,19,48,True,
reduced-space,5,47,-1,LP,51,49,True,
reduced-space,5,47,0,QP,14,49,True,
reduced-space,5,47,1,QP,19,49,True,
reduced-space,5,48,-1,LP,51,50,True,
reduced-space,5,48,0,QP,14,50,True,
reduced-space,5,48,1,QP,19,50,True,
reduced-space,5,49,-1,LP,51,51,True,
reduced-space,5,49,0,QP,14,51,True,
reduced-space,5,49,1,QP,19,51,True,
reduced-space,5,50,-1,LP,51,52,True,
reduced-space,5,50,0,QP,14,52,True,
reduced-space,5,50,1,QP,19,52,True,
reduced-space,5,51,-1,LP,51,53,True,
reduced-space,5,51,0,QP,14,53,True,
reduced-space,5,51,1,QP,19,53,True,
reduced-space,5,52,-1,LP,51,54,True,
reduced-space,5,52,0,QP,13,54,True,
reduced-space,5,52,1,QP,19,54,True,
reduced-space,5,53,-1,LP,51,55,True,
reduced-space,5,53,0,QP,13,55,True,
reduced-space,5,53,1,QP,19,55,True,
reduced-space,5,54,-1,LP,51,56,True,
reduced-space,5,54,0,QP,13,56,True,
reduced-space,5,54,1,QP,19,56,True,
reduced-space,5,55,-1,LP,51,57,True,
reduced-space,5,55,0,QP,13,57,True,
reduced-space,5,55,1,QP,19,57,True,
reduced-space,5,56,-1,LP,51,58,True,
reduced-space,5,56,0,QP,13,58,True,
reduced-space,5,56,1,QP,19,58,True,
reduced-space,5,57,-1,LP,51,59,True,
reduced-space,5,57,0,QP,13,59,True,
reduced-space,5,57,1,QP,19,59,True,
reduced-space,5,58,-1,LP,51,60,True,
reduced-space,5,58,0,QP,13,60,True,
reduced-space,5,58,1,QP,19,60,True,
reduced-space,5,59,-1,LP,51,61,True,
reduced-space,5,59,0,QP,14,61,True,
reduced-space,5,59,1,QP,19,61,True,
reduced-space,5,60,-1,LP,51,62,True,
reduced-space,5,60,0,QP,14,62,True,
reduced-space,5,60,1,QP,19,62,True,
reduced-space,5,61,-1,LP,51,63,True,
reduced-space,5,61,0,QP,14,63,True,
reduced-space,5,61,1,QP,19,63,True,
reduced-space,5,62,-1,LP,51,64,True,
reduced-space,5,62,0,QP,14,64,True,
reduced-space,5,62,1,QP,19,64,True,
reduced-space,5,63,-1,LP,51,65,True,
reduced-space,5,63,0,QP,14,65,True,
reduced-space,5,63,1,QP,19,65,True,
reduced-space,5,64,-1,LP,51,66,True,
reduced-space,5,64,0,QP,14,66,True,
reduced-space,5,64,1,QP,19,66,True,
reduced-space,5,65,-1,LP,51,67,True,
reduced-space,5,65,0,QP,14,67,True,
reduced-space,5,65,1,QP,19,67,True,
reduced-space,5,66,-1,LP,51,68,True,
reduced-space,5,66,0,QP,13,68,True,
reduced-space,5,66,1,QP,19,68,True,
reduced-space,5,67,-1,LP,51,69,True,
reduced-space,5,67,0,QP,13,69,True,
reduced-space,5,67,1,QP,19,69,True,
reduced-space,5,68,-1,LP,51,70,True,
reduced-space,5,68,0,QP,13,70,True,
reduced-space,5,68,1,QP,19,70,True,
reduced-space,5,69,-1,LP,51,71,True,
reduced-space,5,69,0,QP,13,71,True,
reduced-space,5,69,1,QP,19,71,True,
reduced-space,5,70,-1,LP,51,72,True,
reduced-space,5,70,0,QP,13,72,True,
reduced-space,5,70,1,QP,19,72,True,
reduced-space,5,71,-1,LP,51,73,True,
reduced-space,5,71,0,QP,13,73,True,
reduced-space,5,71,1,QP,19,73,True,
reduced-space,5,72,-1,LP,51,74,True,
reduced-space,5,72,0,QP,13,74,True,
reduced-space,5,72,1,QP,19,74,False,"_HighsSubproblemError: HiGHS did not solve the reduced QP to optimality: Solve error (HighsModelStatus.kSolveError). Reduced dimension=19, rows=74, active indices=[1, 2, 7, 9, 13, 14, 15, 21, 24, 31, 32, 35, 36, 37, 41, 44, 46, 47, 50]."
reduced-space,5,72,1,QP,51,74,True,
reduced-space,5,73,-1,LP,51,75,True,
reduced-space,5,73,0,QP,13,75,True,
reduced-space,5,73,1,QP,19,75,True,
reduced-space,5,74,-1,LP,51,76,True,
reduced-space,5,74,0,QP,13,76,True,
reduced-space,5,74,1,QP,19,76,True,
reduced-space,5,75,-1,LP,51,77,True,
reduced-space,5,75,0,QP,13,77,True,
reduced-space,5,75,1,QP,19,77,True,
reduced-space,5,76,-1,LP,51,78,True,
reduced-space,5,76,0,QP,13,78,True,
reduced-space,5,76,1,QP,19,78,True,
reduced-space,5,77,-1,LP,51,79,True,
reduced-space,5,77,0,QP,13,79,True,
reduced-space,5,77,1,QP,19,79,True,
reduced-space,5,78,-1,LP,51,80,True,
reduced-space,5,78,0,QP,13,80,True,
reduced-space,5,78,1,QP,19,80,True,
reduced-space,5,79,-1,LP,51,81,True,
reduced-space,5,79,0,QP,13,81,True,
reduced-space,5,79,1,QP,19,81,True,
reduced-space,5,80,-1,LP,51,82,True,
reduced-space,5,80,0,QP,13,82,True,
reduced-space,5,80,1,QP,19,82,True,
reduced-space,5,81,-1,LP,51,83,True,
reduced-space,5,81,0,QP,13,83,True,
reduced-space,5,81,1,QP,19,83,True,
reduced-space,5,82,-1,LP,51,84,True,
reduced-space,5,82,0,QP,13,84,True,
reduced-space,5,82,1,QP,19,84,True,
reduced-space,5,83,-1,LP,51,85,True,
reduced-space,5,83,0,QP,13,85,True,
reduced-space,5,83,1,QP,19,85,True,
reduced-space,5,84,-1,LP,51,86,True,
reduced-space,5,84,0,QP,13,86,True,
reduced-space,5,84,1,QP,19,86,True,
reduced-space,5,85,-1,LP,51,87,True,
reduced-space,5,85,0,QP,13,87,True,
reduced-space,5,85,1,QP,19,87,True,
reduced-space,5,86,-1,LP,51,88,True,
reduced-space,5,86,0,QP,13,88,True,
reduced-space,5,86,1,QP,19,88,True,
reduced-space,5,87,-1,LP,51,89,True,
reduced-space,5,87,0,QP,13,89,True,
reduced-space,5,87,1,QP,19,89,True,
reduced-space,5,88,-1,LP,51,90,True,
reduced-space,5,88,0,QP,13,90,True,
reduced-space,5,88,1,QP,19,90,True,
full-space,5,0,0,QP,51,2,True,
full-space,5,1,0,QP,51,3,True,
full-space,5,2,0,QP,51,4,True,
full-space,5,3,0,QP,51,5,True,
full-space,5,4,0,QP,51,6,True,
full-space,5,5,0,QP,51,7,True,
full-space,5,6,0,QP,51,8,True,
full-space,5,7,0,QP,51,9,True,
full-space,5,8,0,QP,51,10,True,
full-space,5,9,0,QP,51,11,True,
full-space,5,10,0,QP,51,12,True,
full-space,5,11,0,QP,51,13,True,
full-space,5,12,0,QP,51,14,True,
full-space,5,13,0,QP,51,15,True,
full-space,5,14,0,QP,51,16,True,
full-space,5,15,0,QP,51,17,True,
full-space,5,16,0,QP,51,18,True,
full-space,5,17,0,QP,51,19,True,
full-space,5,18,0,QP,51,20,True,
full-space,5,19,0,QP,51,21,True,
full-space,5,20,0,QP,51,22,True,
full-space,5,21,0,QP,51,23,True,
full-space,5,22,0,QP,51,24,True,
full-space,5,23,0,QP,51,25,True,
full-space,5,24,0,QP,51,26,True,
full-space,5,25,0,QP,51,27,True,
full-space,5,26,0,QP,51,28,True,
full-space,5,27,0,QP,51,29,True,
full-space,5,28,0,QP,51,30,True,
full-space,5,29,0,QP,51,31,True,
full-space,5,30,0,QP,51,32,True,
full-space,5,31,0,QP,51,33,True,
full-space,5,32,0,QP,51,34,True,
full-space,5,33,0,QP,51,35,True,
full-space,5,34,0,QP,51,36,True,
full-space,5,35,0,QP,51,37,True,
full-space,5,36,0,QP,51,38,True,
full-space,5,37,0,QP,51,39,True,
full-space,5,38,0,QP,51,40,True,
full-space,5,39,0,QP,51,41,True,
full-space,5,40,0,QP,51,42,True,
full-space,5,41,0,QP,51,43,True,
full-space,5,42,0,QP,51,44,True,
full-space,5,43,0,QP,51,45,True,
full-space,5,44,0,QP,51,46,True,
full-space,5,45,0,QP,51,47,True,
full-space,5,46,0,QP,51,48,True,
full-space,5,47,0,QP,51,49,True,
full-space,5,48,0,QP,51,50,True,
full-space,5,49,0,QP,51,51,True,
full-space,5,50,0,QP,51,52,True,
full-space,5,51,0,QP,51,53,True,
full-space,5,52,0,QP,51,54,True,
full-space,5,53,0,QP,51,55,True,
full-space,5,54,0,QP,51,56,True,
full-space,5,55,0,QP,51,57,True,
full-space,5,56,0,QP,51,58,True,
full-space,5,57,0,QP,51,59,True,
full-space,5,58,0,QP,51,60,True,
full-space,5,59,0,QP,51,61,True,
full-space,5,60,0,QP,51,62,True,
full-space,5,61,0,QP,51,63,True,
full-space,5,62,0,QP,51,64,True,
full-space,5,63,0,QP,51,65,True,
full-space,5,64,0,QP,51,66,True,
full-space,5,65,0,QP,51,67,True,
full-space,5,66,0,QP,51,68,True,
full-space,5,67,0,QP,51,69,True,
full-space,5,68,0,QP,51,70,True,
full-space,5,69,0,QP,51,71,True,
full-space,5,70,0,QP,51,72,True,
full-space,5,71,0,QP,51,73,True,
full-space,5,72,0,QP,51,74,True,
full-space,5,73,0,QP,51,75,True,
full-space,5,74,0,QP,51,76,True,
full-space,5,75,0,QP,51,77,True,
full-space,5,76,0,QP,51,78,True,
full-space,5,77,0,QP,51,79,True,
full-space,5,78,0,QP,51,80,True,
full-space,5,79,0,QP,51,81,True,
full-space,5,80,0,QP,51,82,True,
full-space,5,81,0,QP,51,83,True,
full-space,5,82,0,QP,51,84,True,
full-space,5,83,0,QP,51,85,False,"_HighsSubproblemError: HiGHS did not solve the reduced QP to optimality: Solve error (HighsModelStatus.kSolveError). Reduced dimension=51, rows=85, active indices=[0, 1, 2, 3, 4, 5, 6, 7, 8, 9, 10, 11, 12, 13, 14, 15, 16, 17, 18, 19, 20, 21, 22, 23, 24, 25, 26, 27, 28, 29, 30, 31, 32, 33, 34, 35, 36, 37, 38, 39, 40, 41, 42, 43, 44, 45, 46, 47, 48, 49, 50]."
full-space,6,0,0,QP,51,2,True,
full-space,6,1,0,QP,51,3,True,
full-space,6,2,0,QP,51,4,True,
full-space,6,3,0,QP,51,5,True,
full-space,6,4,0,QP,51,6,True,
full-space,6,5,0,QP,51,7,True,
full-space,6,6,0,QP,51,8,True,
full-space,6,7,0,QP,51,9,True,
full-space,6,8,0,QP,51,10,True,
full-space,6,9,0,QP,51,11,True,
full-space,6,10,0,QP,51,12,True,
full-space,6,11,0,QP,51,13,True,
full-space,6,12,0,QP,51,14,True,
full-space,6,13,0,QP,51,15,True,
full-space,6,14,0,QP,51,16,True,
full-space,6,15,0,QP,51,17,True,
full-space,6,16,0,QP,51,18,True,
full-space,6,17,0,QP,51,19,True,
full-space,6,18,0,QP,51,20,True,
full-space,6,19,0,QP,51,21,True,
full-space,6,20,0,QP,51,22,True,
full-space,6,21,0,QP,51,23,True,
full-space,6,22,0,QP,51,24,True,
full-space,6,23,0,QP,51,25,True,
full-space,6,24,0,QP,51,26,True,
full-space,6,25,0,QP,51,27,True,
full-space,6,26,0,QP,51,28,True,
full-space,6,27,0,QP,51,29,True,
full-space,6,28,0,QP,51,30,True,
full-space,6,29,0,QP,51,31,True,
full-space,6,30,0,QP,51,32,True,
full-space,6,31,0,QP,51,33,True,
full-space,6,32,0,QP,51,34,True,
full-space,6,33,0,QP,51,35,True,
full-space,6,34,0,QP,51,36,True,
full-space,6,35,0,QP,51,37,True,
full-space,6,36,0,QP,51,38,True,
full-space,6,37,0,QP,51,39,True,
full-space,6,38,0,QP,51,40,True,
full-space,6,39,0,QP,51,41,True,
full-space,6,40,0,QP,51,42,True,
full-space,6,41,0,QP,51,43,True,
full-space,6,42,0,QP,51,44,True,
full-space,6,43,0,QP,51,45,True,
full-space,6,44,0,QP,51,46,True,
full-space,6,45,0,QP,51,47,True,
full-space,6,46,0,QP,51,48,True,
full-space,6,47,0,QP,51,49,True,
full-space,6,48,0,QP,51,50,True,
full-space,6,49,0,QP,51,51,True,
full-space,6,50,0,QP,51,52,True,
full-space,6,51,0,QP,51,53,True,
full-space,6,52,0,QP,51,54,True,
full-space,6,53,0,QP,51,55,True,
full-space,6,54,0,QP,51,56,True,
full-space,6,55,0,QP,51,57,True,
full-space,6,56,0,QP,51,58,True,
full-space,6,57,0,QP,51,59,True,
full-space,6,58,0,QP,51,60,True,
full-space,6,59,0,QP,51,61,True,
full-space,6,60,0,QP,51,62,True,
full-space,6,61,0,QP,51,63,True,
full-space,6,62,0,QP,51,64,True,
full-space,6,63,0,QP,51,65,True,
full-space,6,64,0,QP,51,66,True,
full-space,6,65,0,QP,51,67,True,
full-space,6,66,0,QP,51,68,True,
full-space,6,67,0,QP,51,69,True,
full-space,6,68,0,QP,51,70,True,
full-space,6,69,0,QP,51,71,True,
full-space,6,70,0,QP,51,72,True,
full-space,6,71,0,QP,51,73,True,
full-space,6,72,0,QP,51,74,True,
full-space,6,73,0,QP,51,75,True,
full-space,6,74,0,QP,51,76,True,
full-space,6,75,0,QP,51,77,True,
full-space,6,76,0,QP,51,78,True,
full-space,6,77,0,QP,51,79,True,
full-space,6,78,0,QP,51,80,True,
full-space,6,79,0,QP,51,81,True,
full-space,6,80,0,QP,51,82,True,
full-space,6,81,0,QP,51,83,True,
full-space,6,82,0,QP,51,84,True,
full-space,6,83,0,QP,51,85,False,"_HighsSubproblemError: HiGHS did not solve the reduced QP to optimality: Solve error (HighsModelStatus.kSolveError). Reduced dimension=51, rows=85, active indices=[0, 1, 2, 3, 4, 5, 6, 7, 8, 9, 10, 11, 12, 13, 14, 15, 16, 17, 18, 19, 20, 21, 22, 23, 24, 25, 26, 27, 28, 29, 30, 31, 32, 33, 34, 35, 36, 37, 38, 39, 40, 41, 42, 43, 44, 45, 46, 47, 48, 49, 50]."
reduced-space,6,0,-1,LP,51,2,True,
reduced-space,6,0,0,QP,3,2,True,
reduced-space,6,0,1,QP,7,2,True,
reduced-space,6,1,-1,LP,51,3,True,
reduced-space,6,1,0,QP,4,3,True,
reduced-space,6,1,1,QP,7,3,True,
reduced-space,6,2,-1,LP,51,4,True,
reduced-space,6,2,0,QP,5,4,True,
reduced-space,6,2,1,QP,8,4,True,
reduced-space,6,3,-1,LP,51,5,True,
reduced-space,6,3,0,QP,6,5,True,
reduced-space,6,3,1,QP,12,5,True,
reduced-space,6,4,-1,LP,51,6,True,
reduced-space,6,4,0,QP,7,6,True,
reduced-space,6,4,1,QP,12,6,True,
reduced-space,6,4,2,QP,15,6,True,
reduced-space,6,5,-1,LP,51,7,True,
reduced-space,6,5,0,QP,8,7,True,
reduced-space,6,5,1,QP,15,7,True,
reduced-space,6,6,-1,LP,51,8,True,
reduced-space,6,6,0,QP,7,8,True,
reduced-space,6,6,1,QP,13,8,True,
reduced-space,6,7,-1,LP,51,9,True,
reduced-space,6,7,0,QP,8,9,True,
reduced-space,6,7,1,QP,15,9,True,
reduced-space,6,8,-1,LP,51,10,True,
reduced-space,6,8,0,QP,8,10,True,
reduced-space,6,8,1,QP,15,10,True,
reduced-space,6,9,-1,LP,51,11,True,
reduced-space,6,9,0,QP,9,11,True,
reduced-space,6,9,1,QP,17,11,True,
reduced-space,6,10,-1,LP,51,12,True,
reduced-space,6,10,0,QP,9,12,True,
reduced-space,6,10,1,QP,17,12,True,
reduced-space,6,10,2,QP,18,12,True,
reduced-space,6,11,-1,LP,51,13,True,
reduced-space,6,11,0,QP,9,13,True,
reduced-space,6,11,1,QP,15,13,True,
reduced-space,6,11,2,QP,18,13,True,
reduced-space,6,12,-1,LP,51,14,True,
reduced-space,6,12,0,QP,9,14,True,
reduced-space,6,12,1,QP,11,14,True,
reduced-space,6,13,-1,LP,51,15,True,
reduced-space,6,13,0,QP,10,15,True,
reduced-space,6,13,1,QP,14,15,True,
reduced-space,6,14,-1,LP,51,16,True,
reduced-space,6,14,0,QP,11,16,True,
reduced-space,6,14,1,QP,14,16,True,
reduced-space,6,14,2,QP,15,16,True,
reduced-space,6,15,-1,LP,51,17,True,
reduced-space,6,15,0,QP,12,17,True,
reduced-space,6,15,1,QP,18,17,True,
reduced-space,6,16,-1,LP,51,18,True,
reduced-space,6,16,0,QP,9,18,True,
reduced-space,6,16,1,QP,18,18,True,
reduced-space,6,17,-1,LP,51,19,True,
reduced-space,6,17,0,QP,12,19,True,
reduced-space,6,17,1,QP,15,19,True,
reduced-space,6,18,-1,LP,51,20,True,
reduced-space,6,18,0,QP,11,20,True,
reduced-space,6,18,1,QP,16,20,True,
reduced-space,6,18,2,QP,17,20,True,
reduced-space,6,19,-1,LP,51,21,True,
reduced-space,6,19,0,QP,13,21,True,
reduced-space,6,19,1,QP,18,21,True,
reduced-space,6,20,-1,LP,51,22,True,
reduced-space,6,20,0,QP,11,22,True,
reduced-space,6,20,1,QP,17,22,True,
reduced-space,6,20,2,QP,18,22,True,
reduced-space,6,21,-1,LP,51,23,True,
reduced-space,6,21,0,QP,13,23,True,
reduced-space,6,21,1,QP,15,23,True,
reduced-space,6,22,-1,LP,51,24,True,
reduced-space,6,22,0,QP,12,24,True,
reduced-space,6,22,1,QP,18,24,True,
reduced-space,6,23,-1,LP,51,25,True,
reduced-space,6,23,0,QP,11,25,True,
reduced-space,6,23,1,QP,17,25,True,
reduced-space,6,23,2,QP,18,25,True,
reduced-space,6,24,-1,LP,51,26,True,
reduced-space,6,24,0,QP,11,26,True,
reduced-space,6,24,1,QP,17,26,True,
reduced-space,6,25,-1,LP,51,27,True,
reduced-space,6,25,0,QP,12,27,True,
reduced-space,6,25,1,QP,18,27,True,
reduced-space,6,26,-1,LP,51,28,True,
reduced-space,6,26,0,QP,11,28,True,
reduced-space,6,26,1,QP,18,28,True,
reduced-space,6,27,-1,LP,51,29,True,
reduced-space,6,27,0,QP,12,29,True,
reduced-space,6,27,1,QP,18,29,True,
reduced-space,6,28,-1,LP,51,30,True,
reduced-space,6,28,0,QP,12,30,True,
reduced-space,6,28,1,QP,18,30,True,
reduced-space,6,29,-1,LP,51,31,True,
reduced-space,6,29,0,QP,11,31,True,
reduced-space,6,29,1,QP,19,31,True,
reduced-space,6,30,-1,LP,51,32,True,
reduced-space,6,30,0,QP,11,32,True,
reduced-space,6,30,1,QP,20,32,True,
reduced-space,6,31,-1,LP,51,33,True,
reduced-space,6,31,0,QP,11,33,True,
reduced-space,6,31,1,QP,17,33,True,
reduced-space,6,31,2,QP,18,33,True,
reduced-space,6,32,-1,LP,51,34,True,
reduced-space,6,32,0,QP,11,34,True,
reduced-space,6,32,1,QP,17,34,False,"_HighsSubproblemError: HiGHS did not solve the reduced QP to optimality: Solve error (HighsModelStatus.kSolveError). Reduced dimension=17, rows=34, active indices=[1, 2, 7, 9, 13, 14, 15, 21, 24, 31, 32, 35, 36, 37, 41, 47, 50]."
reduced-space,6,32,1,QP,51,34,True,
reduced-space,6,33,-1,LP,51,35,True,
reduced-space,6,33,0,QP,13,35,True,
reduced-space,6,33,1,QP,18,35,True,
reduced-space,6,34,-1,LP,51,36,True,
reduced-space,6,34,0,QP,12,36,True,
reduced-space,6,34,1,QP,19,36,True,
reduced-space,6,35,-1,LP,51,37,True,
reduced-space,6,35,0,QP,13,37,True,
reduced-space,6,35,1,QP,19,37,True,
reduced-space,6,36,-1,LP,51,38,True,
reduced-space,6,36,0,QP,12,38,True,
reduced-space,6,36,1,QP,18,38,True,
reduced-space,6,37,-1,LP,51,39,True,
reduced-space,6,37,0,QP,14,39,True,
reduced-space,6,37,1,QP,18,39,True,
reduced-space,6,37,2,QP,19,39,True,
reduced-space,6,38,-1,LP,51,40,True,
reduced-space,6,38,0,QP,14,40,True,
reduced-space,6,38,1,QP,18,40,True,
reduced-space,6,39,-1,LP,51,41,True,
reduced-space,6,39,0,QP,13,41,True,
reduced-space,6,39,1,QP,18,41,True,
reduced-space,6,39,2,QP,19,41,True,
reduced-space,6,40,-1,LP,51,42,True,
reduced-space,6,40,0,QP,13,42,True,
reduced-space,6,40,1,QP,19,42,True,
reduced-space,6,41,-1,LP,51,43,True,
reduced-space,6,41,0,QP,12,43,True,
reduced-space,6,41,1,QP,18,43,True,
reduced-space,6,42,-1,LP,51,44,True,
reduced-space,6,42,0,QP,14,44,True,
reduced-space,6,42,1,QP,19,44,True,
reduced-space,6,43,-1,LP,51,45,True,
reduced-space,6,43,0,QP,14,45,True,
reduced-space,6,43,1,QP,19,45,True,
reduced-space,6,44,-1,LP,51,46,True,
reduced-space,6,44,0,QP,14,46,True,
reduced-space,6,44,1,QP,19,46,True,
reduced-space,6,45,-1,LP,51,47,True,
reduced-space,6,45,0,QP,14,47,True,
reduced-space,6,45,1,QP,19,47,True,
reduced-space,6,46,-1,LP,51,48,True,
reduced-space,6,46,0,QP,14,48,True,
reduced-space,6,46,1,QP,19,48,True,
reduced-space,6,47,-1,LP,51,49,True,
reduced-space,6,47,0,QP,14,49,True,
reduced-space,6,47,1,QP,19,49,True,
reduced-space,6,48,-1,LP,51,50,True,
reduced-space,6,48,0,QP,14,50,True,
reduced-space,6,48,1,QP,19,50,True,
reduced-space,6,49,-1,LP,51,51,True,
reduced-space,6,49,0,QP,14,51,True,
reduced-space,6,49,1,QP,19,51,True,
reduced-space,6,50,-1,LP,51,52,True,
reduced-space,6,50,0,QP,14,52,True,
reduced-space,6,50,1,QP,19,52,True,
reduced-space,6,51,-1,LP,51,53,True,
reduced-space,6,51,0,QP,14,53,True,
reduced-space,6,51,1,QP,19,53,True,
reduced-space,6,52,-1,LP,51,54,True,
reduced-space,6,52,0,QP,13,54,True,
reduced-space,6,52,1,QP,19,54,True,
reduced-space,6,53,-1,LP,51,55,True,
reduced-space,6,53,0,QP,13,55,True,
reduced-space,6,53,1,QP,19,55,True,
reduced-space,6,54,-1,LP,51,56,True,
reduced-space,6,54,0,QP,13,56,True,
reduced-space,6,54,1,QP,19,56,True,
reduced-space,6,55,-1,LP,51,57,True,
reduced-space,6,55,0,QP,13,57,True,
reduced-space,6,55,1,QP,19,57,True,
reduced-space,6,56,-1,LP,51,58,True,
reduced-space,6,56,0,QP,13,58,True,
reduced-space,6,56,1,QP,19,58,True,
reduced-space,6,57,-1,LP,51,59,True,
reduced-space,6,57,0,QP,13,59,True,
reduced-space,6,57,1,QP,19,59,True,
reduced-space,6,58,-1,LP,51,60,True,
reduced-space,6,58,0,QP,13,60,True,
reduced-space,6,58,1,QP,19,60,True,
reduced-space,6,59,-1,LP,51,61,True,
reduced-space,6,59,0,QP,14,61,True,
reduced-space,6,59,1,QP,19,61,True,
reduced-space,6,60,-1,LP,51,62,True,
reduced-space,6,60,0,QP,14,62,True,
reduced-space,6,60,1,QP,19,62,True,
reduced-space,6,61,-1,LP,51,63,True,
reduced-space,6,61,0,QP,14,63,True,
reduced-space,6,61,1,QP,19,63,True,
reduced-space,6,62,-1,LP,51,64,True,
reduced-space,6,62,0,QP,14,64,True,
reduced-space,6,62,1,QP,19,64,True,
reduced-space,6,63,-1,LP,51,65,True,
reduced-space,6,63,0,QP,14,65,True,
reduced-space,6,63,1,QP,19,65,True,
reduced-space,6,64,-1,LP,51,66,True,
reduced-space,6,64,0,QP,14,66,True,
reduced-space,6,64,1,QP,19,66,True,
reduced-space,6,65,-1,LP,51,67,True,
reduced-space,6,65,0,QP,14,67,True,
reduced-space,6,65,1,QP,19,67,True,
reduced-space,6,66,-1,LP,51,68,True,
reduced-space,6,66,0,QP,13,68,True,
reduced-space,6,66,1,QP,19,68,True,
reduced-space,6,67,-1,LP,51,69,True,
reduced-space,6,67,0,QP,13,69,True,
reduced-space,6,67,1,QP,19,69,True,
reduced-space,6,68,-1,LP,51,70,True,
reduced-space,6,68,0,QP,13,70,True,
reduced-space,6,68,1,QP,19,70,True,
reduced-space,6,69,-1,LP,51,71,True,
reduced-space,6,69,0,QP,13,71,True,
reduced-space,6,69,1,QP,19,71,True,
reduced-space,6,70,-1,LP,51,72,True,
reduced-space,6,70,0,QP,13,72,True,
reduced-space,6,70,1,QP,19,72,True,
reduced-space,6,71,-1,LP,51,73,True,
reduced-space,6,71,0,QP,13,73,True,
reduced-space,6,71,1,QP,19,73,True,
reduced-space,6,72,-1,LP,51,74,True,
reduced-space,6,72,0,QP,13,74,True,
reduced-space,6,72,1,QP,19,74,False,"_HighsSubproblemError: HiGHS did not solve the reduced QP to optimality: Solve error (HighsModelStatus.kSolveError). Reduced dimension=19, rows=74, active indices=[1, 2, 7, 9, 13, 14, 15, 21, 24, 31, 32, 35, 36, 37, 41, 44, 46, 47, 50]."
reduced-space,6,72,1,QP,51,74,True,
reduced-space,6,73,-1,LP,51,75,True,
reduced-space,6,73,0,QP,13,75,True,
reduced-space,6,73,1,QP,19,75,True,
reduced-space,6,74,-1,LP,51,76,True,
reduced-space,6,74,0,QP,13,76,True,
reduced-space,6,74,1,QP,19,76,True,
reduced-space,6,75,-1,LP,51,77,True,
reduced-space,6,75,0,QP,13,77,True,
reduced-space,6,75,1,QP,19,77,True,
reduced-space,6,76,-1,LP,51,78,True,
reduced-space,6,76,0,QP,13,78,True,
reduced-space,6,76,1,QP,19,78,True,
reduced-space,6,77,-1,LP,51,79,True,
reduced-space,6,77,0,QP,13,79,True,
reduced-space,6,77,1,QP,19,79,True,
reduced-space,6,78,-1,LP,51,80,True,
reduced-space,6,78,0,QP,13,80,True,
reduced-space,6,78,1,QP,19,80,True,
reduced-space,6,79,-1,LP,51,81,True,
reduced-space,6,79,0,QP,13,81,True,
reduced-space,6,79,1,QP,19,81,True,
reduced-space,6,80,-1,LP,51,82,True,
reduced-space,6,80,0,QP,13,82,True,
reduced-space,6,80,1,QP,19,82,True,
reduced-space,6,81,-1,LP,51,83,True,
reduced-space,6,81,0,QP,13,83,True,
reduced-space,6,81,1,QP,19,83,True,
reduced-space,6,82,-1,LP,51,84,True,
reduced-space,6,82,0,QP,13,84,True,
reduced-space,6,82,1,QP,19,84,True,
reduced-space,6,83,-1,LP,51,85,True,
reduced-space,6,83,0,QP,13,85,True,
reduced-space,6,83,1,QP,19,85,True,
reduced-space,6,84,-1,LP,51,86,True,
reduced-space,6,84,0,QP,13,86,True,
reduced-space,6,84,1,QP,19,86,True,
reduced-space,6,85,-1,LP,51,87,True,
reduced-space,6,85,0,QP,13,87,True,
reduced-space,6,85,1,QP,19,87,True,
reduced-space,6,86,-1,LP,51,88,True,
reduced-space,6,86,0,QP,13,88,True,
reduced-space,6,86,1,QP,19,88,True,
reduced-space,6,87,-1,LP,51,89,True,
reduced-space,6,87,0,QP,13,89,True,
reduced-space,6,87,1,QP,19,89,True,
reduced-space,6,88,-1,LP,51,90,True,
reduced-space,6,88,0,QP,13,90,True,
reduced-space,6,88,1,QP,19,90,True,
reduced-space,7,0,-1,LP,51,2,True,
reduced-space,7,0,0,QP,3,2,True,
reduced-space,7,0,1,QP,7,2,True,
reduced-space,7,1,-1,LP,51,3,True,
reduced-space,7,1,0,QP,4,3,True,
reduced-space,7,1,1,QP,7,3,True,
reduced-space,7,2,-1,LP,51,4,True,
reduced-space,7,2,0,QP,5,4,True,
reduced-space,7,2,1,QP,8,4,True,
reduced-space,7,3,-1,LP,51,5,True,
reduced-space,7,3,0,QP,6,5,True,
reduced-space,7,3,1,QP,12,5,True,
reduced-space,7,4,-1,LP,51,6,True,
reduced-space,7,4,0,QP,7,6,True,
reduced-space,7,4,1,QP,12,6,True,
reduced-space,7,4,2,QP,15,6,True,
reduced-space,7,5,-1,LP,51,7,True,
reduced-space,7,5,0,QP,8,7,True,
reduced-space,7,5,1,QP,15,7,True,
reduced-space,7,6,-1,LP,51,8,True,
reduced-space,7,6,0,QP,7,8,True,
reduced-space,7,6,1,QP,13,8,True,
reduced-space,7,7,-1,LP,51,9,True,
reduced-space,7,7,0,QP,8,9,True,
reduced-space,7,7,1,QP,15,9,True,
reduced-space,7,8,-1,LP,51,10,True,
reduced-space,7,8,0,QP,8,10,True,
reduced-space,7,8,1,QP,15,10,True,
reduced-space,7,9,-1,LP,51,11,True,
reduced-space,7,9,0,QP,9,11,True,
reduced-space,7,9,1,QP,17,11,True,
reduced-space,7,10,-1,LP,51,12,True,
reduced-space,7,10,0,QP,9,12,True,
reduced-space,7,10,1,QP,17,12,True,
reduced-space,7,10,2,QP,18,12,True,
reduced-space,7,11,-1,LP,51,13,True,
reduced-space,7,11,0,QP,9,13,True,
reduced-space,7,11,1,QP,15,13,True,
reduced-space,7,11,2,QP,18,13,True,
reduced-space,7,12,-1,LP,51,14,True,
reduced-space,7,12,0,QP,9,14,True,
reduced-space,7,12,1,QP,11,14,True,
reduced-space,7,13,-1,LP,51,15,True,
reduced-space,7,13,0,QP,10,15,True,
reduced-space,7,13,1,QP,14,15,True,
reduced-space,7,14,-1,LP,51,16,True,
reduced-space,7,14,0,QP,11,16,True,
reduced-space,7,14,1,QP,14,16,True,
reduced-space,7,14,2,QP,15,16,True,
reduced-space,7,15,-1,LP,51,17,True,
reduced-space,7,15,0,QP,12,17,True,
reduced-space,7,15,1,QP,18,17,True,
reduced-space,7,16,-1,LP,51,18,True,
reduced-space,7,16,0,QP,9,18,True,
reduced-space,7,16,1,QP,18,18,True,
reduced-space,7,17,-1,LP,51,19,True,
reduced-space,7,17,0,QP,12,19,True,
reduced-space,7,17,1,QP,15,19,True,
reduced-space,7,18,-1,LP,51,20,True,
reduced-space,7,18,0,QP,11,20,True,
reduced-space,7,18,1,QP,16,20,True,
reduced-space,7,18,2,QP,17,20,True,
reduced-space,7,19,-1,LP,51,21,True,
reduced-space,7,19,0,QP,13,21,True,
reduced-space,7,19,1,QP,18,21,True,
reduced-space,7,20,-1,LP,51,22,True,
reduced-space,7,20,0,QP,11,22,True,
reduced-space,7,20,1,QP,17,22,True,
reduced-space,7,20,2,QP,18,22,True,
reduced-space,7,21,-1,LP,51,23,True,
reduced-space,7,21,0,QP,13,23,True,
reduced-space,7,21,1,QP,15,23,True,
reduced-space,7,22,-1,LP,51,24,True,
reduced-space,7,22,0,QP,12,24,True,
reduced-space,7,22,1,QP,18,24,True,
reduced-space,7,23,-1,LP,51,25,True,
reduced-space,7,23,0,QP,11,25,True,
reduced-space,7,23,1,QP,17,25,True,
reduced-space,7,23,2,QP,18,25,True,
reduced-space,7,24,-1,LP,51,26,True,
reduced-space,7,24,0,QP,11,26,True,
reduced-space,7,24,1,QP,17,26,True,
reduced-space,7,25,-1,LP,51,27,True,
reduced-space,7,25,0,QP,12,27,True,
reduced-space,7,25,1,QP,18,27,True,
reduced-space,7,26,-1,LP,51,28,True,
reduced-space,7,26,0,QP,11,28,True,
reduced-space,7,26,1,QP,18,28,True,
reduced-space,7,27,-1,LP,51,29,True,
reduced-space,7,27,0,QP,12,29,True,
reduced-space,7,27,1,QP,18,29,True,
reduced-space,7,28,-1,LP,51,30,True,
reduced-space,7,28,0,QP,12,30,True,
reduced-space,7,28,1,QP,18,30,True,
reduced-space,7,29,-1,LP,51,31,True,
reduced-space,7,29,0,QP,11,31,True,
reduced-space,7,29,1,QP,19,31,True,
reduced-space,7,30,-1,LP,51,32,True,
reduced-space,7,30,0,QP,11,32,True,
reduced-space,7,30,1,QP,20,32,True,
reduced-space,7,31,-1,LP,51,33,True,
reduced-space,7,31,0,QP,11,33,True,
reduced-space,7,31,1,QP,17,33,True,
reduced-space,7,31,2,QP,18,33,True,
reduced-space,7,32,-1,LP,51,34,True,
reduced-space,7,32,0,QP,11,34,True,
reduced-space,7,32,1,QP,17,34,False,"_HighsSubproblemError: HiGHS did not solve the reduced QP to optimality: Solve error (HighsModelStatus.kSolveError). Reduced dimension=17, rows=34, active indices=[1, 2, 7, 9, 13, 14, 15, 21, 24, 31, 32, 35, 36, 37, 41, 47, 50]."
reduced-space,7,32,1,QP,51,34,True,
reduced-space,7,33,-1,LP,51,35,True,
reduced-space,7,33,0,QP,13,35,True,
reduced-space,7,33,1,QP,18,35,True,
reduced-space,7,34,-1,LP,51,36,True,
reduced-space,7,34,0,QP,12,36,True,
reduced-space,7,34,1,QP,19,36,True,
reduced-space,7,35,-1,LP,51,37,True,
reduced-space,7,35,0,QP,13,37,True,
reduced-space,7,35,1,QP,19,37,True,
reduced-space,7,36,-1,LP,51,38,True,
reduced-space,7,36,0,QP,12,38,True,
reduced-space,7,36,1,QP,18,38,True,
reduced-space,7,37,-1,LP,51,39,True,
reduced-space,7,37,0,QP,14,39,True,
reduced-space,7,37,1,QP,18,39,True,
reduced-space,7,37,2,QP,19,39,True,
reduced-space,7,38,-1,LP,51,40,True,
reduced-space,7,38,0,QP,14,40,True,
reduced-space,7,38,1,QP,18,40,True,
reduced-space,7,39,-1,LP,51,41,True,
reduced-space,7,39,0,QP,13,41,True,
reduced-space,7,39,1,QP,18,41,True,
reduced-space,7,39,2,QP,19,41,True,
reduced-space,7,40,-1,LP,51,42,True,
reduced-space,7,40,0,QP,13,42,True,
reduced-space,7,40,1,QP,19,42,True,
reduced-space,7,41,-1,LP,51,43,True,
reduced-space,7,41,0,QP,12,43,True,
reduced-space,7,41,1,QP,18,43,True,
reduced-space,7,42,-1,LP,51,44,True,
reduced-space,7,42,0,QP,14,44,True,
reduced-space,7,42,1,QP,19,44,True,
reduced-space,7,43,-1,LP,51,45,True,
reduced-space,7,43,0,QP,14,45,True,
reduced-space,7,43,1,QP,19,45,True,
reduced-space,7,44,-1,LP,51,46,True,
reduced-space,7,44,0,QP,14,46,True,
reduced-space,7,44,1,QP,19,46,True,
reduced-space,7,45,-1,LP,51,47,True,
reduced-space,7,45,0,QP,14,47,True,
reduced-space,7,45,1,QP,19,47,True,
reduced-space,7,46,-1,LP,51,48,True,
reduced-space,7,46,0,QP,14,48,True,
reduced-space,7,46,1,QP,19,48,True,
reduced-space,7,47,-1,LP,51,49,True,
reduced-space,7,47,0,QP,14,49,True,
reduced-space,7,47,1,QP,19,49,True,
reduced-space,7,48,-1,LP,51,50,True,
reduced-space,7,48,0,QP,14,50,True,
reduced-space,7,48,1,QP,19,50,True,
reduced-space,7,49,-1,LP,51,51,True,
reduced-space,7,49,0,QP,14,51,True,
reduced-space,7,49,1,QP,19,51,True,
reduced-space,7,50,-1,LP,51,52,True,
reduced-space,7,50,0,QP,14,52,True,
reduced-space,7,50,1,QP,19,52,True,
reduced-space,7,51,-1,LP,51,53,True,
reduced-space,7,51,0,QP,14,53,True,
reduced-space,7,51,1,QP,19,53,True,
reduced-space,7,52,-1,LP,51,54,True,
reduced-space,7,52,0,QP,13,54,True,
reduced-space,7,52,1,QP,19,54,True,
reduced-space,7,53,-1,LP,51,55,True,
reduced-space,7,53,0,QP,13,55,True,
reduced-space,7,53,1,QP,19,55,True,
reduced-space,7,54,-1,LP,51,56,True,
reduced-space,7,54,0,QP,13,56,True,
reduced-space,7,54,1,QP,19,56,True,
reduced-space,7,55,-1,LP,51,57,True,
reduced-space,7,55,0,QP,13,57,True,
reduced-space,7,55,1,QP,19,57,True,
reduced-space,7,56,-1,LP,51,58,True,
reduced-space,7,56,0,QP,13,58,True,
reduced-space,7,56,1,QP,19,58,True,
reduced-space,7,57,-1,LP,51,59,True,
reduced-space,7,57,0,QP,13,59,True,
reduced-space,7,57,1,QP,19,59,True,
reduced-space,7,58,-1,LP,51,60,True,
reduced-space,7,58,0,QP,13,60,True,
reduced-space,7,58,1,QP,19,60,True,
reduced-space,7,59,-1,LP,51,61,True,
reduced-space,7,59,0,QP,14,61,True,
reduced-space,7,59,1,QP,19,61,True,
reduced-space,7,60,-1,LP,51,62,True,
reduced-space,7,60,0,QP,14,62,True,
reduced-space,7,60,1,QP,19,62,True,
reduced-space,7,61,-1,LP,51,63,True,
reduced-space,7,61,0,QP,14,63,True,
reduced-space,7,61,1,QP,19,63,True,
reduced-space,7,62,-1,LP,51,64,True,
reduced-space,7,62,0,QP,14,64,True,
reduced-space,7,62,1,QP,19,64,True,
reduced-space,7,63,-1,LP,51,65,True,
reduced-space,7,63,0,QP,14,65,True,
reduced-space,7,63,1,QP,19,65,True,
reduced-space,7,64,-1,LP,51,66,True,
reduced-space,7,64,0,QP,14,66,True,
reduced-space,7,64,1,QP,19,66,True,
reduced-space,7,65,-1,LP,51,67,True,
reduced-space,7,65,0,QP,14,67,True,
reduced-space,7,65,1,QP,19,67,True,
reduced-space,7,66,-1,LP,51,68,True,
reduced-space,7,66,0,QP,13,68,True,
reduced-space,7,66,1,QP,19,68,True,
reduced-space,7,67,-1,LP,51,69,True,
reduced-space,7,67,0,QP,13,69,True,
reduced-space,7,67,1,QP,19,69,True,
reduced-space,7,68,-1,LP,51,70,True,
reduced-space,7,68,0,QP,13,70,True,
reduced-space,7,68,1,QP,19,70,True,
reduced-space,7,69,-1,LP,51,71,True,
reduced-space,7,69,0,QP,13,71,True,
reduced-space,7,69,1,QP,19,71,True,
reduced-space,7,70,-1,LP,51,72,True,
reduced-space,7,70,0,QP,13,72,True,
reduced-space,7,70,1,QP,19,72,True,
reduced-space,7,71,-1,LP,51,73,True,
reduced-space,7,71,0,QP,13,73,True,
reduced-space,7,71,1,QP,19,73,True,
reduced-space,7,72,-1,LP,51,74,True,
reduced-space,7,72,0,QP,13,74,True,
reduced-space,7,72,1,QP,19,74,False,"_HighsSubproblemError: HiGHS did not solve the reduced QP to optimality: Solve error (HighsModelStatus.kSolveError). Reduced dimension=19, rows=74, active indices=[1, 2, 7, 9, 13, 14, 15, 21, 24, 31, 32, 35, 36, 37, 41, 44, 46, 47, 50]."
reduced-space,7,72,1,QP,51,74,True,
reduced-space,7,73,-1,LP,51,75,True,
reduced-space,7,73,0,QP,13,75,True,
reduced-space,7,73,1,QP,19,75,True,
reduced-space,7,74,-1,LP,51,76,True,
reduced-space,7,74,0,QP,13,76,True,
reduced-space,7,74,1,QP,19,76,True,
reduced-space,7,75,-1,LP,51,77,True,
reduced-space,7,75,0,QP,13,77,True,
reduced-space,7,75,1,QP,19,77,True,
reduced-space,7,76,-1,LP,51,78,True,
reduced-space,7,76,0,QP,13,78,True,
reduced-space,7,76,1,QP,19,78,True,
reduced-space,7,77,-1,LP,51,79,True,
reduced-space,7,77,0,QP,13,79,True,
reduced-space,7,77,1,QP,19,79,True,
reduced-space,7,78,-1,LP,51,80,True,
reduced-space,7,78,0,QP,13,80,True,
reduced-space,7,78,1,QP,19,80,True,
reduced-space,7,79,-1,LP,51,81,True,
reduced-space,7,79,0,QP,13,81,True,
reduced-space,7,79,1,QP,19,81,True,
reduced-space,7,80,-1,LP,51,82,True,
reduced-space,7,80,0,QP,13,82,True,
reduced-space,7,80,1,QP,19,82,True,
reduced-space,7,81,-1,LP,51,83,True,
reduced-space,7,81,0,QP,13,83,True,
reduced-space,7,81,1,QP,19,83,True,
reduced-space,7,82,-1,LP,51,84,True,
reduced-space,7,82,0,QP,13,84,True,
reduced-space,7,82,1,QP,19,84,True,
reduced-space,7,83,-1,LP,51,85,True,
reduced-space,7,83,0,QP,13,85,True,
reduced-space,7,83,1,QP,19,85,True,
reduced-space,7,84,-1,LP,51,86,True,
reduced-space,7,84,0,QP,13,86,True,
reduced-space,7,84,1,QP,19,86,True,
reduced-space,7,85,-1,LP,51,87,True,
reduced-space,7,85,0,QP,13,87,True,
reduced-space,7,85,1,QP,19,87,True,
reduced-space,7,86,-1,LP,51,88,True,
reduced-space,7,86,0,QP,13,88,True,
reduced-space,7,86,1,QP,19,88,True,
reduced-space,7,87,-1,LP,51,89,True,
reduced-space,7,87,0,QP,13,89,True,
reduced-space,7,87,1,QP,19,89,True,
reduced-space,7,88,-1,LP,51,90,True,
reduced-space,7,88,0,QP,13,90,True,
reduced-space,7,88,1,QP,19,90,True,
full-space,7,0,0,QP,51,2,True,
full-space,7,1,0,QP,51,3,True,
full-space,7,2,0,QP,51,4,True,
full-space,7,3,0,QP,51,5,True,
full-space,7,4,0,QP,51,6,True,
full-space,7,5,0,QP,51,7,True,
full-space,7,6,0,QP,51,8,True,
full-space,7,7,0,QP,51,9,True,
full-space,7,8,0,QP,51,10,True,
full-space,7,9,0,QP,51,11,True,
full-space,7,10,0,QP,51,12,True,
full-space,7,11,0,QP,51,13,True,
full-space,7,12,0,QP,51,14,True,
full-space,7,13,0,QP,51,15,True,
full-space,7,14,0,QP,51,16,True,
full-space,7,15,0,QP,51,17,True,
full-space,7,16,0,QP,51,18,True,
full-space,7,17,0,QP,51,19,True,
full-space,7,18,0,QP,51,20,True,
full-space,7,19,0,QP,51,21,True,
full-space,7,20,0,QP,51,22,True,
full-space,7,21,0,QP,51,23,True,
full-space,7,22,0,QP,51,24,True,
full-space,7,23,0,QP,51,25,True,
full-space,7,24,0,QP,51,26,True,
full-space,7,25,0,QP,51,27,True,
full-space,7,26,0,QP,51,28,True,
full-space,7,27,0,QP,51,29,True,
full-space,7,28,0,QP,51,30,True,
full-space,7,29,0,QP,51,31,True,
full-space,7,30,0,QP,51,32,True,
full-space,7,31,0,QP,51,33,True,
full-space,7,32,0,QP,51,34,True,
full-space,7,33,0,QP,51,35,True,
full-space,7,34,0,QP,51,36,True,
full-space,7,35,0,QP,51,37,True,
full-space,7,36,0,QP,51,38,True,
full-space,7,37,0,QP,51,39,True,
full-space,7,38,0,QP,51,40,True,
full-space,7,39,0,QP,51,41,True,
full-space,7,40,0,QP,51,42,True,
full-space,7,41,0,QP,51,43,True,
full-space,7,42,0,QP,51,44,True,
full-space,7,43,0,QP,51,45,True,
full-space,7,44,0,QP,51,46,True,
full-space,7,45,0,QP,51,47,True,
full-space,7,46,0,QP,51,48,True,
full-space,7,47,0,QP,51,49,True,
full-space,7,48,0,QP,51,50,True,
full-space,7,49,0,QP,51,51,True,
full-space,7,50,0,QP,51,52,True,
full-space,7,51,0,QP,51,53,True,
full-space,7,52,0,QP,51,54,True,
full-space,7,53,0,QP,51,55,True,
full-space,7,54,0,QP,51,56,True,
full-space,7,55,0,QP,51,57,True,
full-space,7,56,0,QP,51,58,True,
full-space,7,57,0,QP,51,59,True,
full-space,7,58,0,QP,51,60,True,
full-space,7,59,0,QP,51,61,True,
full-space,7,60,0,QP,51,62,True,
full-space,7,61,0,QP,51,63,True,
full-space,7,62,0,QP,51,64,True,
full-space,7,63,0,QP,51,65,True,
full-space,7,64,0,QP,51,66,True,
full-space,7,65,0,QP,51,67,True,
full-space,7,66,0,QP,51,68,True,
full-space,7,67,0,QP,51,69,True,
full-space,7,68,0,QP,51,70,True,
full-space,7,69,0,QP,51,71,True,
full-space,7,70,0,QP,51,72,True,
full-space,7,71,0,QP,51,73,True,
full-space,7,72,0,QP,51,74,True,
full-space,7,73,0,QP,51,75,True,
full-space,7,74,0,QP,51,76,True,
full-space,7,75,0,QP,51,77,True,
full-space,7,76,0,QP,51,78,True,
full-space,7,77,0,QP,51,79,True,
full-space,7,78,0,QP,51,80,True,
full-space,7,79,0,QP,51,81,True,
full-space,7,80,0,QP,51,82,True,
full-space,7,81,0,QP,51,83,True,
full-space,7,82,0,QP,51,84,True,
full-space,7,83,0,QP,51,85,False,"_HighsSubproblemError: HiGHS did not solve the reduced QP to optimality: Solve error (HighsModelStatus.kSolveError). Reduced dimension=51, rows=85, active indices=[0, 1, 2, 3, 4, 5, 6, 7, 8, 9, 10, 11, 12, 13, 14, 15, 16, 17, 18, 19, 20, 21, 22, 23, 24, 25, 26, 27, 28, 29, 30, 31, 32, 33, 34, 35, 36, 37, 38, 39, 40, 41, 42, 43, 44, 45, 46, 47, 48, 49, 50]."
full-space,8,0,0,QP,51,2,True,
full-space,8,1,0,QP,51,3,True,
full-space,8,2,0,QP,51,4,True,
full-space,8,3,0,QP,51,5,True,
full-space,8,4,0,QP,51,6,True,
full-space,8,5,0,QP,51,7,True,
full-space,8,6,0,QP,51,8,True,
full-space,8,7,0,QP,51,9,True,
full-space,8,8,0,QP,51,10,True,
full-space,8,9,0,QP,51,11,True,
full-space,8,10,0,QP,51,12,True,
full-space,8,11,0,QP,51,13,True,
full-space,8,12,0,QP,51,14,True,
full-space,8,13,0,QP,51,15,True,
full-space,8,14,0,QP,51,16,True,
full-space,8,15,0,QP,51,17,True,
full-space,8,16,0,QP,51,18,True,
full-space,8,17,0,QP,51,19,True,
full-space,8,18,0,QP,51,20,True,
full-space,8,19,0,QP,51,21,True,
full-space,8,20,0,QP,51,22,True,
full-space,8,21,0,QP,51,23,True,
full-space,8,22,0,QP,51,24,True,
full-space,8,23,0,QP,51,25,True,
full-space,8,24,0,QP,51,26,True,
full-space,8,25,0,QP,51,27,True,
full-space,8,26,0,QP,51,28,True,
full-space,8,27,0,QP,51,29,True,
full-space,8,28,0,QP,51,30,True,
full-space,8,29,0,QP,51,31,True,
full-space,8,30,0,QP,51,32,True,
full-space,8,31,0,QP,51,33,True,
full-space,8,32,0,QP,51,34,True,
full-space,8,33,0,QP,51,35,True,
full-space,8,34,0,QP,51,36,True,
full-space,8,35,0,QP,51,37,True,
full-space,8,36,0,QP,51,38,True,
full-space,8,37,0,QP,51,39,True,
full-space,8,38,0,QP,51,40,True,
full-space,8,39,0,QP,51,41,True,
full-space,8,40,0,QP,51,42,True,
full-space,8,41,0,QP,51,43,True,
full-space,8,42,0,QP,51,44,True,
full-space,8,43,0,QP,51,45,True,
full-space,8,44,0,QP,51,46,True,
full-space,8,45,0,QP,51,47,True,
full-space,8,46,0,QP,51,48,True,
full-space,8,47,0,QP,51,49,True,
full-space,8,48,0,QP,51,50,True,
full-space,8,49,0,QP,51,51,True,
full-space,8,50,0,QP,51,52,True,
full-space,8,51,0,QP,51,53,True,
full-space,8,52,0,QP,51,54,True,
full-space,8,53,0,QP,51,55,True,
full-space,8,54,0,QP,51,56,True,
full-space,8,55,0,QP,51,57,True,
full-space,8,56,0,QP,51,58,True,
full-space,8,57,0,QP,51,59,True,
full-space,8,58,0,QP,51,60,True,
full-space,8,59,0,QP,51,61,True,
full-space,8,60,0,QP,51,62,True,
full-space,8,61,0,QP,51,63,True,
full-space,8,62,0,QP,51,64,True,
full-space,8,63,0,QP,51,65,True,
full-space,8,64,0,QP,51,66,True,
full-space,8,65,0,QP,51,67,True,
full-space,8,66,0,QP,51,68,True,
full-space,8,67,0,QP,51,69,True,
full-space,8,68,0,QP,51,70,True,
full-space,8,69,0,QP,51,71,True,
full-space,8,70,0,QP,51,72,True,
full-space,8,71,0,QP,51,73,True,
full-space,8,72,0,QP,51,74,True,
full-space,8,73,0,QP,51,75,True,
full-space,8,74,0,QP,51,76,True,
full-space,8,75,0,QP,51,77,True,
full-space,8,76,0,QP,51,78,True,
full-space,8,77,0,QP,51,79,True,
full-space,8,78,0,QP,51,80,True,
full-space,8,79,0,QP,51,81,True,
full-space,8,80,0,QP,51,82,True,
full-space,8,81,0,QP,51,83,True,
full-space,8,82,0,QP,51,84,True,
full-space,8,83,0,QP,51,85,False,"_HighsSubproblemError: HiGHS did not solve the reduced QP to optimality: Solve error (HighsModelStatus.kSolveError). Reduced dimension=51, rows=85, active indices=[0, 1, 2, 3, 4, 5, 6, 7, 8, 9, 10, 11, 12, 13, 14, 15, 16, 17, 18, 19, 20, 21, 22, 23, 24, 25, 26, 27, 28, 29, 30, 31, 32, 33, 34, 35, 36, 37, 38, 39, 40, 41, 42, 43, 44, 45, 46, 47, 48, 49, 50]."
reduced-space,8,0,-1,LP,51,2,True,
reduced-space,8,0,0,QP,3,2,True,
reduced-space,8,0,1,QP,7,2,True,
reduced-space,8,1,-1,LP,51,3,True,
reduced-space,8,1,0,QP,4,3,True,
reduced-space,8,1,1,QP,7,3,True,
reduced-space,8,2,-1,LP,51,4,True,
reduced-space,8,2,0,QP,5,4,True,
reduced-space,8,2,1,QP,8,4,True,
reduced-space,8,3,-1,LP,51,5,True,
reduced-space,8,3,0,QP,6,5,True,
reduced-space,8,3,1,QP,12,5,True,
reduced-space,8,4,-1,LP,51,6,True,
reduced-space,8,4,0,QP,7,6,True,
reduced-space,8,4,1,QP,12,6,True,
reduced-space,8,4,2,QP,15,6,True,
reduced-space,8,5,-1,LP,51,7,True,
reduced-space,8,5,0,QP,8,7,True,
reduced-space,8,5,1,QP,15,7,True,
reduced-space,8,6,-1,LP,51,8,True,
reduced-space,8,6,0,QP,7,8,True,
reduced-space,8,6,1,QP,13,8,True,
reduced-space,8,7,-1,LP,51,9,True,
reduced-space,8,7,0,QP,8,9,True,
reduced-space,8,7,1,QP,15,9,True,
reduced-space,8,8,-1,LP,51,10,True,
reduced-space,8,8,0,QP,8,10,True,
reduced-space,8,8,1,QP,15,10,True,
reduced-space,8,9,-1,LP,51,11,True,
reduced-space,8,9,0,QP,9,11,True,
reduced-space,8,9,1,QP,17,11,True,
reduced-space,8,10,-1,LP,51,12,True,
reduced-space,8,10,0,QP,9,12,True,
reduced-space,8,10,1,QP,17,12,True,
reduced-space,8,10,2,QP,18,12,True,
reduced-space,8,11,-1,LP,51,13,True,
reduced-space,8,11,0,QP,9,13,True,
reduced-space,8,11,1,QP,15,13,True,
reduced-space,8,11,2,QP,18,13,True,
reduced-space,8,12,-1,LP,51,14,True,
reduced-space,8,12,0,QP,9,14,True,
reduced-space,8,12,1,QP,11,14,True,
reduced-space,8,13,-1,LP,51,15,True,
reduced-space,8,13,0,QP,10,15,True,
reduced-space,8,13,1,QP,14,15,True,
reduced-space,8,14,-1,LP,51,16,True,
reduced-space,8,14,0,QP,11,16,True,
reduced-space,8,14,1,QP,14,16,True,
reduced-space,8,14,2,QP,15,16,True,
reduced-space,8,15,-1,LP,51,17,True,
reduced-space,8,15,0,QP,12,17,True,
reduced-space,8,15,1,QP,18,17,True,
reduced-space,8,16,-1,LP,51,18,True,
reduced-space,8,16,0,QP,9,18,True,
reduced-space,8,16,1,QP,18,18,True,
reduced-space,8,17,-1,LP,51,19,True,
reduced-space,8,17,0,QP,12,19,True,
reduced-space,8,17,1,QP,15,19,True,
reduced-space,8,18,-1,LP,51,20,True,
reduced-space,8,18,0,QP,11,20,True,
reduced-space,8,18,1,QP,16,20,True,
reduced-space,8,18,2,QP,17,20,True,
reduced-space,8,19,-1,LP,51,21,True,
reduced-space,8,19,0,QP,13,21,True,
reduced-space,8,19,1,QP,18,21,True,
reduced-space,8,20,-1,LP,51,22,True,
reduced-space,8,20,0,QP,11,22,True,
reduced-space,8,20,1,QP,17,22,True,
reduced-space,8,20,2,QP,18,22,True,
reduced-space,8,21,-1,LP,51,23,True,
reduced-space,8,21,0,QP,13,23,True,
reduced-space,8,21,1,QP,15,23,True,
reduced-space,8,22,-1,LP,51,24,True,
reduced-space,8,22,0,QP,12,24,True,
reduced-space,8,22,1,QP,18,24,True,
reduced-space,8,23,-1,LP,51,25,True,
reduced-space,8,23,0,QP,11,25,True,
reduced-space,8,23,1,QP,17,25,True,
reduced-space,8,23,2,QP,18,25,True,
reduced-space,8,24,-1,LP,51,26,True,
reduced-space,8,24,0,QP,11,26,True,
reduced-space,8,24,1,QP,17,26,True,
reduced-space,8,25,-1,LP,51,27,True,
reduced-space,8,25,0,QP,12,27,True,
reduced-space,8,25,1,QP,18,27,True,
reduced-space,8,26,-1,LP,51,28,True,
reduced-space,8,26,0,QP,11,28,True,
reduced-space,8,26,1,QP,18,28,True,
reduced-space,8,27,-1,LP,51,29,True,
reduced-space,8,27,0,QP,12,29,True,
reduced-space,8,27,1,QP,18,29,True,
reduced-space,8,28,-1,LP,51,30,True,
reduced-space,8,28,0,QP,12,30,True,
reduced-space,8,28,1,QP,18,30,True,
reduced-space,8,29,-1,LP,51,31,True,
reduced-space,8,29,0,QP,11,31,True,
reduced-space,8,29,1,QP,19,31,True,
reduced-space,8,30,-1,LP,51,32,True,
reduced-space,8,30,0,QP,11,32,True,
reduced-space,8,30,1,QP,20,32,True,
reduced-space,8,31,-1,LP,51,33,True,
reduced-space,8,31,0,QP,11,33,True,
reduced-space,8,31,1,QP,17,33,True,
reduced-space,8,31,2,QP,18,33,True,
reduced-space,8,32,-1,LP,51,34,True,
reduced-space,8,32,0,QP,11,34,True,
reduced-space,8,32,1,QP,17,34,False,"_HighsSubproblemError: HiGHS did not solve the reduced QP to optimality: Solve error (HighsModelStatus.kSolveError). Reduced dimension=17, rows=34, active indices=[1, 2, 7, 9, 13, 14, 15, 21, 24, 31, 32, 35, 36, 37, 41, 47, 50]."
reduced-space,8,32,1,QP,51,34,True,
reduced-space,8,33,-1,LP,51,35,True,
reduced-space,8,33,0,QP,13,35,True,
reduced-space,8,33,1,QP,18,35,True,
reduced-space,8,34,-1,LP,51,36,True,
reduced-space,8,34,0,QP,12,36,True,
reduced-space,8,34,1,QP,19,36,True,
reduced-space,8,35,-1,LP,51,37,True,
reduced-space,8,35,0,QP,13,37,True,
reduced-space,8,35,1,QP,19,37,True,
reduced-space,8,36,-1,LP,51,38,True,
reduced-space,8,36,0,QP,12,38,True,
reduced-space,8,36,1,QP,18,38,True,
reduced-space,8,37,-1,LP,51,39,True,
reduced-space,8,37,0,QP,14,39,True,
reduced-space,8,37,1,QP,18,39,True,
reduced-space,8,37,2,QP,19,39,True,
reduced-space,8,38,-1,LP,51,40,True,
reduced-space,8,38,0,QP,14,40,True,
reduced-space,8,38,1,QP,18,40,True,
reduced-space,8,39,-1,LP,51,41,True,
reduced-space,8,39,0,QP,13,41,True,
reduced-space,8,39,1,QP,18,41,True,
reduced-space,8,39,2,QP,19,41,True,
reduced-space,8,40,-1,LP,51,42,True,
reduced-space,8,40,0,QP,13,42,True,
reduced-space,8,40,1,QP,19,42,True,
reduced-space,8,41,-1,LP,51,43,True,
reduced-space,8,41,0,QP,12,43,True,
reduced-space,8,41,1,QP,18,43,True,
reduced-space,8,42,-1,LP,51,44,True,
reduced-space,8,42,0,QP,14,44,True,
reduced-space,8,42,1,QP,19,44,True,
reduced-space,8,43,-1,LP,51,45,True,
reduced-space,8,43,0,QP,14,45,True,
reduced-space,8,43,1,QP,19,45,True,
reduced-space,8,44,-1,LP,51,46,True,
reduced-space,8,44,0,QP,14,46,True,
reduced-space,8,44,1,QP,19,46,True,
reduced-space,8,45,-1,LP,51,47,True,
reduced-space,8,45,0,QP,14,47,True,
reduced-space,8,45,1,QP,19,47,True,
reduced-space,8,46,-1,LP,51,48,True,
reduced-space,8,46,0,QP,14,48,True,
reduced-space,8,46,1,QP,19,48,True,
reduced-space,8,47,-1,LP,51,49,True,
reduced-space,8,47,0,QP,14,49,True,
reduced-space,8,47,1,QP,19,49,True,
reduced-space,8,48,-1,LP,51,50,True,
reduced-space,8,48,0,QP,14,50,True,
reduced-space,8,48,1,QP,19,50,True,
reduced-space,8,49,-1,LP,51,51,True,
reduced-space,8,49,0,QP,14,51,True,
reduced-space,8,49,1,QP,19,51,True,
reduced-space,8,50,-1,LP,51,52,True,
reduced-space,8,50,0,QP,14,52,True,
reduced-space,8,50,1,QP,19,52,True,
reduced-space,8,51,-1,LP,51,53,True,
reduced-space,8,51,0,QP,14,53,True,
reduced-space,8,51,1,QP,19,53,True,
reduced-space,8,52,-1,LP,51,54,True,
reduced-space,8,52,0,QP,13,54,True,
reduced-space,8,52,1,QP,19,54,True,
reduced-space,8,53,-1,LP,51,55,True,
reduced-space,8,53,0,QP,13,55,True,
reduced-space,8,53,1,QP,19,55,True,
reduced-space,8,54,-1,LP,51,56,True,
reduced-space,8,54,0,QP,13,56,True,
reduced-space,8,54,1,QP,19,56,True,
reduced-space,8,55,-1,LP,51,57,True,
reduced-space,8,55,0,QP,13,57,True,
reduced-space,8,55,1,QP,19,57,True,
reduced-space,8,56,-1,LP,51,58,True,
reduced-space,8,56,0,QP,13,58,True,
reduced-space,8,56,1,QP,19,58,True,
reduced-space,8,57,-1,LP,51,59,True,
reduced-space,8,57,0,QP,13,59,True,
reduced-space,8,57,1,QP,19,59,True,
reduced-space,8,58,-1,LP,51,60,True,
reduced-space,8,58,0,QP,13,60,True,
reduced-space,8,58,1,QP,19,60,True,
reduced-space,8,59,-1,LP,51,61,True,
reduced-space,8,59,0,QP,14,61,True,
reduced-space,8,59,1,QP,19,61,True,
reduced-space,8,60,-1,LP,51,62,True,
reduced-space,8,60,0,QP,14,62,True,
reduced-space,8,60,1,QP,19,62,True,
reduced-space,8,61,-1,LP,51,63,True,
reduced-space,8,61,0,QP,14,63,True,
reduced-space,8,61,1,QP,19,63,True,
reduced-space,8,62,-1,LP,51,64,True,
reduced-space,8,62,0,QP,14,64,True,
reduced-space,8,62,1,QP,19,64,True,
reduced-space,8,63,-1,LP,51,65,True,
reduced-space,8,63,0,QP,14,65,True,
reduced-space,8,63,1,QP,19,65,True,
reduced-space,8,64,-1,LP,51,66,True,
reduced-space,8,64,0,QP,14,66,True,
reduced-space,8,64,1,QP,19,66,True,
reduced-space,8,65,-1,LP,51,67,True,
reduced-space,8,65,0,QP,14,67,True,
reduced-space,8,65,1,QP,19,67,True,
reduced-space,8,66,-1,LP,51,68,True,
reduced-space,8,66,0,QP,13,68,True,
reduced-space,8,66,1,QP,19,68,True,
reduced-space,8,67,-1,LP,51,69,True,
reduced-space,8,67,0,QP,13,69,True,
reduced-space,8,67,1,QP,19,69,True,
reduced-space,8,68,-1,LP,51,70,True,
reduced-space,8,68,0,QP,13,70,True,
reduced-space,8,68,1,QP,19,70,True,
reduced-space,8,69,-1,LP,51,71,True,
reduced-space,8,69,0,QP,13,71,True,
reduced-space,8,69,1,QP,19,71,True,
reduced-space,8,70,-1,LP,51,72,True,
reduced-space,8,70,0,QP,13,72,True,
reduced-space,8,70,1,QP,19,72,True,
reduced-space,8,71,-1,LP,51,73,True,
reduced-space,8,71,0,QP,13,73,True,
reduced-space,8,71,1,QP,19,73,True,
reduced-space,8,72,-1,LP,51,74,True,
reduced-space,8,72,0,QP,13,74,True,
reduced-space,8,72,1,QP,19,74,False,"_HighsSubproblemError: HiGHS did not solve the reduced QP to optimality: Solve error (HighsModelStatus.kSolveError). Reduced dimension=19, rows=74, active indices=[1, 2, 7, 9, 13, 14, 15, 21, 24, 31, 32, 35, 36, 37, 41, 44, 46, 47, 50]."
reduced-space,8,72,1,QP,51,74,True,
reduced-space,8,73,-1,LP,51,75,True,
reduced-space,8,73,0,QP,13,75,True,
reduced-space,8,73,1,QP,19,75,True,
reduced-space,8,74,-1,LP,51,76,True,
reduced-space,8,74,0,QP,13,76,True,
reduced-space,8,74,1,QP,19,76,True,
reduced-space,8,75,-1,LP,51,77,True,
reduced-space,8,75,0,QP,13,77,True,
reduced-space,8,75,1,QP,19,77,True,
reduced-space,8,76,-1,LP,51,78,True,
reduced-space,8,76,0,QP,13,78,True,
reduced-space,8,76,1,QP,19,78,True,
reduced-space,8,77,-1,LP,51,79,True,
reduced-space,8,77,0,QP,13,79,True,
reduced-space,8,77,1,QP,19,79,True,
reduced-space,8,78,-1,LP,51,80,True,
reduced-space,8,78,0,QP,13,80,True,
reduced-space,8,78,1,QP,19,80,True,
reduced-space,8,79,-1,LP,51,81,True,
reduced-space,8,79,0,QP,13,81,True,
reduced-space,8,79,1,QP,19,81,True,
reduced-space,8,80,-1,LP,51,82,True,
reduced-space,8,80,0,QP,13,82,True,
reduced-space,8,80,1,QP,19,82,True,
reduced-space,8,81,-1,LP,51,83,True,
reduced-space,8,81,0,QP,13,83,True,
reduced-space,8,81,1,QP,19,83,True,
reduced-space,8,82,-1,LP,51,84,True,
reduced-space,8,82,0,QP,13,84,True,
reduced-space,8,82,1,QP,19,84,True,
reduced-space,8,83,-1,LP,51,85,True,
reduced-space,8,83,0,QP,13,85,True,
reduced-space,8,83,1,QP,19,85,True,
reduced-space,8,84,-1,LP,51,86,True,
reduced-space,8,84,0,QP,13,86,True,
reduced-space,8,84,1,QP,19,86,True,
reduced-space,8,85,-1,LP,51,87,True,
reduced-space,8,85,0,QP,13,87,True,
reduced-space,8,85,1,QP,19,87,True,
reduced-space,8,86,-1,LP,51,88,True,
reduced-space,8,86,0,QP,13,88,True,
reduced-space,8,86,1,QP,19,88,True,
reduced-space,8,87,-1,LP,51,89,True,
reduced-space,8,87,0,QP,13,89,True,
reduced-space,8,87,1,QP,19,89,True,
reduced-space,8,88,-1,LP,51,90,True,
reduced-space,8,88,0,QP,13,90,True,
reduced-space,8,88,1,QP,19,90,True,
reduced-space,9,0,-1,LP,51,2,True,
reduced-space,9,0,0,QP,3,2,True,
reduced-space,9,0,1,QP,7,2,True,
reduced-space,9,1,-1,LP,51,3,True,
reduced-space,9,1,0,QP,4,3,True,
reduced-space,9,1,1,QP,7,3,True,
reduced-space,9,2,-1,LP,51,4,True,
reduced-space,9,2,0,QP,5,4,True,
reduced-space,9,2,1,QP,8,4,True,
reduced-space,9,3,-1,LP,51,5,True,
reduced-space,9,3,0,QP,6,5,True,
reduced-space,9,3,1,QP,12,5,True,
reduced-space,9,4,-1,LP,51,6,True,
reduced-space,9,4,0,QP,7,6,True,
reduced-space,9,4,1,QP,12,6,True,
reduced-space,9,4,2,QP,15,6,True,
reduced-space,9,5,-1,LP,51,7,True,
reduced-space,9,5,0,QP,8,7,True,
reduced-space,9,5,1,QP,15,7,True,
reduced-space,9,6,-1,LP,51,8,True,
reduced-space,9,6,0,QP,7,8,True,
reduced-space,9,6,1,QP,13,8,True,
reduced-space,9,7,-1,LP,51,9,True,
reduced-space,9,7,0,QP,8,9,True,
reduced-space,9,7,1,QP,15,9,True,
reduced-space,9,8,-1,LP,51,10,True,
reduced-space,9,8,0,QP,8,10,True,
reduced-space,9,8,1,QP,15,10,True,
reduced-space,9,9,-1,LP,51,11,True,
reduced-space,9,9,0,QP,9,11,True,
reduced-space,9,9,1,QP,17,11,True,
reduced-space,9,10,-1,LP,51,12,True,
reduced-space,9,10,0,QP,9,12,True,
reduced-space,9,10,1,QP,17,12,True,
reduced-space,9,10,2,QP,18,12,True,
reduced-space,9,11,-1,LP,51,13,True,
reduced-space,9,11,0,QP,9,13,True,
reduced-space,9,11,1,QP,15,13,True,
reduced-space,9,11,2,QP,18,13,True,
reduced-space,9,12,-1,LP,51,14,True,
reduced-space,9,12,0,QP,9,14,True,
reduced-space,9,12,1,QP,11,14,True,
reduced-space,9,13,-1,LP,51,15,True,
reduced-space,9,13,0,QP,10,15,True,
reduced-space,9,13,1,QP,14,15,True,
reduced-space,9,14,-1,LP,51,16,True,
reduced-space,9,14,0,QP,11,16,True,
reduced-space,9,14,1,QP,14,16,True,
reduced-space,9,14,2,QP,15,16,True,
reduced-space,9,15,-1,LP,51,17,True,
reduced-space,9,15,0,QP,12,17,True,
reduced-space,9,15,1,QP,18,17,True,
reduced-space,9,16,-1,LP,51,18,True,
reduced-space,9,16,0,QP,9,18,True,
reduced-space,9,16,1,QP,18,18,True,
reduced-space,9,17,-1,LP,51,19,True,
reduced-space,9,17,0,QP,12,19,True,
reduced-space,9,17,1,QP,15,19,True,
reduced-space,9,18,-1,LP,51,20,True,
reduced-space,9,18,0,QP,11,20,True,
reduced-space,9,18,1,QP,16,20,True,
reduced-space,9,18,2,QP,17,20,True,
reduced-space,9,19,-1,LP,51,21,True,
reduced-space,9,19,0,QP,13,21,True,
reduced-space,9,19,1,QP,18,21,True,
reduced-space,9,20,-1,LP,51,22,True,
reduced-space,9,20,0,QP,11,22,True,
reduced-space,9,20,1,QP,17,22,True,
reduced-space,9,20,2,QP,18,22,True,
reduced-space,9,21,-1,LP,51,23,True,
reduced-space,9,21,0,QP,13,23,True,
reduced-space,9,21,1,QP,15,23,True,
reduced-space,9,22,-1,LP,51,24,True,
reduced-space,9,22,0,QP,12,24,True,
reduced-space,9,22,1,QP,18,24,True,
reduced-space,9,23,-1,LP,51,25,True,
reduced-space,9,23,0,QP,11,25,True,
reduced-space,9,23,1,QP,17,25,True,
reduced-space,9,23,2,QP,18,25,True,
reduced-space,9,24,-1,LP,51,26,True,
reduced-space,9,24,0,QP,11,26,True,
reduced-space,9,24,1,QP,17,26,True,
reduced-space,9,25,-1,LP,51,27,True,
reduced-space,9,25,0,QP,12,27,True,
reduced-space,9,25,1,QP,18,27,True,
reduced-space,9,26,-1,LP,51,28,True,
reduced-space,9,26,0,QP,11,28,True,
reduced-space,9,26,1,QP,18,28,True,
reduced-space,9,27,-1,LP,51,29,True,
reduced-space,9,27,0,QP,12,29,True,
reduced-space,9,27,1,QP,18,29,True,
reduced-space,9,28,-1,LP,51,30,True,
reduced-space,9,28,0,QP,12,30,True,
reduced-space,9,28,1,QP,18,30,True,
reduced-space,9,29,-1,LP,51,31,True,
reduced-space,9,29,0,QP,11,31,True,
reduced-space,9,29,1,QP,19,31,True,
reduced-space,9,30,-1,LP,51,32,True,
reduced-space,9,30,0,QP,11,32,True,
reduced-space,9,30,1,QP,20,32,True,
reduced-space,9,31,-1,LP,51,33,True,
reduced-space,9,31,0,QP,11,33,True,
reduced-space,9,31,1,QP,17,33,True,
reduced-space,9,31,2,QP,18,33,True,
reduced-space,9,32,-1,LP,51,34,True,
reduced-space,9,32,0,QP,11,34,True,
reduced-space,9,32,1,QP,17,34,False,"_HighsSubproblemError: HiGHS did not solve the reduced QP to optimality: Solve error (HighsModelStatus.kSolveError). Reduced dimension=17, rows=34, active indices=[1, 2, 7, 9, 13, 14, 15, 21, 24, 31, 32, 35, 36, 37, 41, 47, 50]."
reduced-space,9,32,1,QP,51,34,True,
reduced-space,9,33,-1,LP,51,35,True,
reduced-space,9,33,0,QP,13,35,True,
reduced-space,9,33,1,QP,18,35,True,
reduced-space,9,34,-1,LP,51,36,True,
reduced-space,9,34,0,QP,12,36,True,
reduced-space,9,34,1,QP,19,36,True,
reduced-space,9,35,-1,LP,51,37,True,
reduced-space,9,35,0,QP,13,37,True,
reduced-space,9,35,1,QP,19,37,True,
reduced-space,9,36,-1,LP,51,38,True,
reduced-space,9,36,0,QP,12,38,True,
reduced-space,9,36,1,QP,18,38,True,
reduced-space,9,37,-1,LP,51,39,True,
reduced-space,9,37,0,QP,14,39,True,
reduced-space,9,37,1,QP,18,39,True,
reduced-space,9,37,2,QP,19,39,True,
reduced-space,9,38,-1,LP,51,40,True,
reduced-space,9,38,0,QP,14,40,True,
reduced-space,9,38,1,QP,18,40,True,
reduced-space,9,39,-1,LP,51,41,True,
reduced-space,9,39,0,QP,13,41,True,
reduced-space,9,39,1,QP,18,41,True,
reduced-space,9,39,2,QP,19,41,True,
reduced-space,9,40,-1,LP,51,42,True,
reduced-space,9,40,0,QP,13,42,True,
reduced-space,9,40,1,QP,19,42,True,
reduced-space,9,41,-1,LP,51,43,True,
reduced-space,9,41,0,QP,12,43,True,
reduced-space,9,41,1,QP,18,43,True,
reduced-space,9,42,-1,LP,51,44,True,
reduced-space,9,42,0,QP,14,44,True,
reduced-space,9,42,1,QP,19,44,True,
reduced-space,9,43,-1,LP,51,45,True,
reduced-space,9,43,0,QP,14,45,True,
reduced-space,9,43,1,QP,19,45,True,
reduced-space,9,44,-1,LP,51,46,True,
reduced-space,9,44,0,QP,14,46,True,
reduced-space,9,44,1,QP,19,46,True,
reduced-space,9,45,-1,LP,51,47,True,
reduced-space,9,45,0,QP,14,47,True,
reduced-space,9,45,1,QP,19,47,True,
reduced-space,9,46,-1,LP,51,48,True,
reduced-space,9,46,0,QP,14,48,True,
reduced-space,9,46,1,QP,19,48,True,
reduced-space,9,47,-1,LP,51,49,True,
reduced-space,9,47,0,QP,14,49,True,
reduced-space,9,47,1,QP,19,49,True,
reduced-space,9,48,-1,LP,51,50,True,
reduced-space,9,48,0,QP,14,50,True,
reduced-space,9,48,1,QP,19,50,True,
reduced-space,9,49,-1,LP,51,51,True,
reduced-space,9,49,0,QP,14,51,True,
reduced-space,9,49,1,QP,19,51,True,
reduced-space,9,50,-1,LP,51,52,True,
reduced-space,9,50,0,QP,14,52,True,
reduced-space,9,50,1,QP,19,52,True,
reduced-space,9,51,-1,LP,51,53,True,
reduced-space,9,51,0,QP,14,53,True,
reduced-space,9,51,1,QP,19,53,True,
reduced-space,9,52,-1,LP,51,54,True,
reduced-space,9,52,0,QP,13,54,True,
reduced-space,9,52,1,QP,19,54,True,
reduced-space,9,53,-1,LP,51,55,True,
reduced-space,9,53,0,QP,13,55,True,
reduced-space,9,53,1,QP,19,55,True,
reduced-space,9,54,-1,LP,51,56,True,
reduced-space,9,54,0,QP,13,56,True,
reduced-space,9,54,1,QP,19,56,True,
reduced-space,9,55,-1,LP,51,57,True,
reduced-space,9,55,0,QP,13,57,True,
reduced-space,9,55,1,QP,19,57,True,
reduced-space,9,56,-1,LP,51,58,True,
reduced-space,9,56,0,QP,13,58,True,
reduced-space,9,56,1,QP,19,58,True,
reduced-space,9,57,-1,LP,51,59,True,
reduced-space,9,57,0,QP,13,59,True,
reduced-space,9,57,1,QP,19,59,True,
reduced-space,9,58,-1,LP,51,60,True,
reduced-space,9,58,0,QP,13,60,True,
reduced-space,9,58,1,QP,19,60,True,
reduced-space,9,59,-1,LP,51,61,True,
reduced-space,9,59,0,QP,14,61,True,
reduced-space,9,59,1,QP,19,61,True,
reduced-space,9,60,-1,LP,51,62,True,
reduced-space,9,60,0,QP,14,62,True,
reduced-space,9,60,1,QP,19,62,True,
reduced-space,9,61,-1,LP,51,63,True,
reduced-space,9,61,0,QP,14,63,True,
reduced-space,9,61,1,QP,19,63,True,
reduced-space,9,62,-1,LP,51,64,True,
reduced-space,9,62,0,QP,14,64,True,
reduced-space,9,62,1,QP,19,64,True,
reduced-space,9,63,-1,LP,51,65,True,
reduced-space,9,63,0,QP,14,65,True,
reduced-space,9,63,1,QP,19,65,True,
reduced-space,9,64,-1,LP,51,66,True,
reduced-space,9,64,0,QP,14,66,True,
reduced-space,9,64,1,QP,19,66,True,
reduced-space,9,65,-1,LP,51,67,True,
reduced-space,9,65,0,QP,14,67,True,
reduced-space,9,65,1,QP,19,67,True,
reduced-space,9,66,-1,LP,51,68,True,
reduced-space,9,66,0,QP,13,68,True,
reduced-space,9,66,1,QP,19,68,True,
reduced-space,9,67,-1,LP,51,69,True,
reduced-space,9,67,0,QP,13,69,True,
reduced-space,9,67,1,QP,19,69,True,
reduced-space,9,68,-1,LP,51,70,True,
reduced-space,9,68,0,QP,13,70,True,
reduced-space,9,68,1,QP,19,70,True,
reduced-space,9,69,-1,LP,51,71,True,
reduced-space,9,69,0,QP,13,71,True,
reduced-space,9,69,1,QP,19,71,True,
reduced-space,9,70,-1,LP,51,72,True,
reduced-space,9,70,0,QP,13,72,True,
reduced-space,9,70,1,QP,19,72,True,
reduced-space,9,71,-1,LP,51,73,True,
reduced-space,9,71,0,QP,13,73,True,
reduced-space,9,71,1,QP,19,73,True,
reduced-space,9,72,-1,LP,51,74,True,
reduced-space,9,72,0,QP,13,74,True,
reduced-space,9,72,1,QP,19,74,False,"_HighsSubproblemError: HiGHS did not solve the reduced QP to optimality: Solve error (HighsModelStatus.kSolveError). Reduced dimension=19, rows=74, active indices=[1, 2, 7, 9, 13, 14, 15, 21, 24, 31, 32, 35, 36, 37, 41, 44, 46, 47, 50]."
reduced-space,9,72,1,QP,51,74,True,
reduced-space,9,73,-1,LP,51,75,True,
reduced-space,9,73,0,QP,13,75,True,
reduced-space,9,73,1,QP,19,75,True,
reduced-space,9,74,-1,LP,51,76,True,
reduced-space,9,74,0,QP,13,76,True,
reduced-space,9,74,1,QP,19,76,True,
reduced-space,9,75,-1,LP,51,77,True,
reduced-space,9,75,0,QP,13,77,True,
reduced-space,9,75,1,QP,19,77,True,
reduced-space,9,76,-1,LP,51,78,True,
reduced-space,9,76,0,QP,13,78,True,
reduced-space,9,76,1,QP,19,78,True,
reduced-space,9,77,-1,LP,51,79,True,
reduced-space,9,77,0,QP,13,79,True,
reduced-space,9,77,1,QP,19,79,True,
reduced-space,9,78,-1,LP,51,80,True,
reduced-space,9,78,0,QP,13,80,True,
reduced-space,9,78,1,QP,19,80,True,
reduced-space,9,79,-1,LP,51,81,True,
reduced-space,9,79,0,QP,13,81,True,
reduced-space,9,79,1,QP,19,81,True,
reduced-space,9,80,-1,LP,51,82,True,
reduced-space,9,80,0,QP,13,82,True,
reduced-space,9,80,1,QP,19,82,True,
reduced-space,9,81,-1,LP,51,83,True,
reduced-space,9,81,0,QP,13,83,True,
reduced-space,9,81,1,QP,19,83,True,
reduced-space,9,82,-1,LP,51,84,True,
reduced-space,9,82,0,QP,13,84,True,
reduced-space,9,82,1,QP,19,84,True,
reduced-space,9,83,-1,LP,51,85,True,
reduced-space,9,83,0,QP,13,85,True,
reduced-space,9,83,1,QP,19,85,True,
reduced-space,9,84,-1,LP,51,86,True,
reduced-space,9,84,0,QP,13,86,True,
reduced-space,9,84,1,QP,19,86,True,
reduced-space,9,85,-1,LP,51,87,True,
reduced-space,9,85,0,QP,13,87,True,
reduced-space,9,85,1,QP,19,87,True,
reduced-space,9,86,-1,LP,51,88,True,
reduced-space,9,86,0,QP,13,88,True,
reduced-space,9,86,1,QP,19,88,True,
reduced-space,9,87,-1,LP,51,89,True,
reduced-space,9,87,0,QP,13,89,True,
reduced-space,9,87,1,QP,19,89,True,
reduced-space,9,88,-1,LP,51,90,True,
reduced-space,9,88,0,QP,13,90,True,
reduced-space,9,88,1,QP,19,90,True,
full-space,9,0,0,QP,51,2,True,
full-space,9,1,0,QP,51,3,True,
full-space,9,2,0,QP,51,4,True,
full-space,9,3,0,QP,51,5,True,
full-space,9,4,0,QP,51,6,True,
full-space,9,5,0,QP,51,7,True,
full-space,9,6,0,QP,51,8,True,
full-space,9,7,0,QP,51,9,True,
full-space,9,8,0,QP,51,10,True,
full-space,9,9,0,QP,51,11,True,
full-space,9,10,0,QP,51,12,True,
full-space,9,11,0,QP,51,13,True,
full-space,9,12,0,QP,51,14,True,
full-space,9,13,0,QP,51,15,True,
full-space,9,14,0,QP,51,16,True,
full-space,9,15,0,QP,51,17,True,
full-space,9,16,0,QP,51,18,True,
full-space,9,17,0,QP,51,19,True,
full-space,9,18,0,QP,51,20,True,
full-space,9,19,0,QP,51,21,True,
full-space,9,20,0,QP,51,22,True,
full-space,9,21,0,QP,51,23,True,
full-space,9,22,0,QP,51,24,True,
full-space,9,23,0,QP,51,25,True,
full-space,9,24,0,QP,51,26,True,
full-space,9,25,0,QP,51,27,True,
full-space,9,26,0,QP,51,28,True,
full-space,9,27,0,QP,51,29,True,
full-space,9,28,0,QP,51,30,True,
full-space,9,29,0,QP,51,31,True,
full-space,9,30,0,QP,51,32,True,
full-space,9,31,0,QP,51,33,True,
full-space,9,32,0,QP,51,34,True,
full-space,9,33,0,QP,51,35,True,
full-space,9,34,0,QP,51,36,True,
full-space,9,35,0,QP,51,37,True,
full-space,9,36,0,QP,51,38,True,
full-space,9,37,0,QP,51,39,True,
full-space,9,38,0,QP,51,40,True,
full-space,9,39,0,QP,51,41,True,
full-space,9,40,0,QP,51,42,True,
full-space,9,41,0,QP,51,43,True,
full-space,9,42,0,QP,51,44,True,
full-space,9,43,0,QP,51,45,True,
full-space,9,44,0,QP,51,46,True,
full-space,9,45,0,QP,51,47,True,
full-space,9,46,0,QP,51,48,True,
full-space,9,47,0,QP,51,49,True,
full-space,9,48,0,QP,51,50,True,
full-space,9,49,0,QP,51,51,True,
full-space,9,50,0,QP,51,52,True,
full-space,9,51,0,QP,51,53,True,
full-space,9,52,0,QP,51,54,True,
full-space,9,53,0,QP,51,55,True,
full-space,9,54,0,QP,51,56,True,
full-space,9,55,0,QP,51,57,True,
full-space,9,56,0,QP,51,58,True,
full-space,9,57,0,QP,51,59,True,
full-space,9,58,0,QP,51,60,True,
full-space,9,59,0,QP,51,61,True,
full-space,9,60,0,QP,51,62,True,
full-space,9,61,0,QP,51,63,True,
full-space,9,62,0,QP,51,64,True,
full-space,9,63,0,QP,51,65,True,
full-space,9,64,0,QP,51,66,True,
full-space,9,65,0,QP,51,67,True,
full-space,9,66,0,QP,51,68,True,
full-space,9,67,0,QP,51,69,True,
full-space,9,68,0,QP,51,70,True,
full-space,9,69,0,QP,51,71,True,
full-space,9,70,0,QP,51,72,True,
full-space,9,71,0,QP,51,73,True,
full-space,9,72,0,QP,51,74,True,
full-space,9,73,0,QP,51,75,True,
full-space,9,74,0,QP,51,76,True,
full-space,9,75,0,QP,51,77,True,
full-space,9,76,0,QP,51,78,True,
full-space,9,77,0,QP,51,79,True,
full-space,9,78,0,QP,51,80,True,
full-space,9,79,0,QP,51,81,True,
full-space,9,80,0,QP,51,82,True,
full-space,9,81,0,QP,51,83,True,
full-space,9,82,0,QP,51,84,True,
full-space,9,83,0,QP,51,85,False,"_HighsSubproblemError: HiGHS did not solve the reduced QP to optimality: Solve error (HighsModelStatus.kSolveError). Reduced dimension=51, rows=85, active indices=[0, 1, 2, 3, 4, 5, 6, 7, 8, 9, 10, 11, 12, 13, 14, 15, 16, 17, 18, 19, 20, 21, 22, 23, 24, 25, 26, 27, 28, 29, 30, 31, 32, 33, 34, 35, 36, 37, 38, 39, 40, 41, 42, 43, 44, 45, 46, 47, 48, 49, 50]."
full-space,10,0,0,QP,51,2,True,
full-space,10,1,0,QP,51,3,True,
full-space,10,2,0,QP,51,4,True,
full-space,10,3,0,QP,51,5,True,
full-space,10,4,0,QP,51,6,True,
full-space,10,5,0,QP,51,7,True,
full-space,10,6,0,QP,51,8,True,
full-space,10,7,0,QP,51,9,True,
full-space,10,8,0,QP,51,10,True,
full-space,10,9,0,QP,51,11,True,
full-space,10,10,0,QP,51,12,True,
full-space,10,11,0,QP,51,13,True,
full-space,10,12,0,QP,51,14,True,
full-space,10,13,0,QP,51,15,True,
full-space,10,14,0,QP,51,16,True,
full-space,10,15,0,QP,51,17,True,
full-space,10,16,0,QP,51,18,True,
full-space,10,17,0,QP,51,19,True,
full-space,10,18,0,QP,51,20,True,
full-space,10,19,0,QP,51,21,True,
full-space,10,20,0,QP,51,22,True,
full-space,10,21,0,QP,51,23,True,
full-space,10,22,0,QP,51,24,True,
full-space,10,23,0,QP,51,25,True,
full-space,10,24,0,QP,51,26,True,
full-space,10,25,0,QP,51,27,True,
full-space,10,26,0,QP,51,28,True,
full-space,10,27,0,QP,51,29,True,
full-space,10,28,0,QP,51,30,True,
full-space,10,29,0,QP,51,31,True,
full-space,10,30,0,QP,51,32,True,
full-space,10,31,0,QP,51,33,True,
full-space,10,32,0,QP,51,34,True,
full-space,10,33,0,QP,51,35,True,
full-space,10,34,0,QP,51,36,True,
full-space,10,35,0,QP,51,37,True,
full-space,10,36,0,QP,51,38,True,
full-space,10,37,0,QP,51,39,True,
full-space,10,38,0,QP,51,40,True,
full-space,10,39,0,QP,51,41,True,
full-space,10,40,0,QP,51,42,True,
full-space,10,41,0,QP,51,43,True,
full-space,10,42,0,QP,51,44,True,
full-space,10,43,0,QP,51,45,True,
full-space,10,44,0,QP,51,46,True,
full-space,10,45,0,QP,51,47,True,
full-space,10,46,0,QP,51,48,True,
full-space,10,47,0,QP,51,49,True,
full-space,10,48,0,QP,51,50,True,
full-space,10,49,0,QP,51,51,True,
full-space,10,50,0,QP,51,52,True,
full-space,10,51,0,QP,51,53,True,
full-space,10,52,0,QP,51,54,True,
full-space,10,53,0,QP,51,55,True,
full-space,10,54,0,QP,51,56,True,
full-space,10,55,0,QP,51,57,True,
full-space,10,56,0,QP,51,58,True,
full-space,10,57,0,QP,51,59,True,
full-space,10,58,0,QP,51,60,True,
full-space,10,59,0,QP,51,61,True,
full-space,10,60,0,QP,51,62,True,
full-space,10,61,0,QP,51,63,True,
full-space,10,62,0,QP,51,64,True,
full-space,10,63,0,QP,51,65,True,
full-space,10,64,0,QP,51,66,True,
full-space,10,65,0,QP,51,67,True,
full-space,10,66,0,QP,51,68,True,
full-space,10,67,0,QP,51,69,True,
full-space,10,68,0,QP,51,70,True,
full-space,10,69,0,QP,51,71,True,
full-space,10,70,0,QP,51,72,True,
full-space,10,71,0,QP,51,73,True,
full-space,10,72,0,QP,51,74,True,
full-space,10,73,0,QP,51,75,True,
full-space,10,74,0,QP,51,76,True,
full-space,10,75,0,QP,51,77,True,
full-space,10,76,0,QP,51,78,True,
full-space,10,77,0,QP,51,79,True,
full-space,10,78,0,QP,51,80,True,
full-space,10,79,0,QP,51,81,True,
full-space,10,80,0,QP,51,82,True,
full-space,10,81,0,QP,51,83,True,
full-space,10,82,0,QP,51,84,True,
full-space,10,83,0,QP,51,85,False,"_HighsSubproblemError: HiGHS did not solve the reduced QP to optimality: Solve error (HighsModelStatus.kSolveError). Reduced dimension=51, rows=85, active indices=[0, 1, 2, 3, 4, 5, 6, 7, 8, 9, 10, 11, 12, 13, 14, 15, 16, 17, 18, 19, 20, 21, 22, 23, 24, 25, 26, 27, 28, 29, 30, 31, 32, 33, 34, 35, 36, 37, 38, 39, 40, 41, 42, 43, 44, 45, 46, 47, 48, 49, 50]."
reduced-space,10,0,-1,LP,51,2,True,
reduced-space,10,0,0,QP,3,2,True,
reduced-space,10,0,1,QP,7,2,True,
reduced-space,10,1,-1,LP,51,3,True,
reduced-space,10,1,0,QP,4,3,True,
reduced-space,10,1,1,QP,7,3,True,
reduced-space,10,2,-1,LP,51,4,True,
reduced-space,10,2,0,QP,5,4,True,
reduced-space,10,2,1,QP,8,4,True,
reduced-space,10,3,-1,LP,51,5,True,
reduced-space,10,3,0,QP,6,5,True,
reduced-space,10,3,1,QP,12,5,True,
reduced-space,10,4,-1,LP,51,6,True,
reduced-space,10,4,0,QP,7,6,True,
reduced-space,10,4,1,QP,12,6,True,
reduced-space,10,4,2,QP,15,6,True,
reduced-space,10,5,-1,LP,51,7,True,
reduced-space,10,5,0,QP,8,7,True,
reduced-space,10,5,1,QP,15,7,True,
reduced-space,10,6,-1,LP,51,8,True,
reduced-space,10,6,0,QP,7,8,True,
reduced-space,10,6,1,QP,13,8,True,
reduced-space,10,7,-1,LP,51,9,True,
reduced-space,10,7,0,QP,8,9,True,
reduced-space,10,7,1,QP,15,9,True,
reduced-space,10,8,-1,LP,51,10,True,
reduced-space,10,8,0,QP,8,10,True,
reduced-space,10,8,1,QP,15,10,True,
reduced-space,10,9,-1,LP,51,11,True,
reduced-space,10,9,0,QP,9,11,True,
reduced-space,10,9,1,QP,17,11,True,
reduced-space,10,10,-1,LP,51,12,True,
reduced-space,10,10,0,QP,9,12,True,
reduced-space,10,10,1,QP,17,12,True,
reduced-space,10,10,2,QP,18,12,True,
reduced-space,10,11,-1,LP,51,13,True,
reduced-space,10,11,0,QP,9,13,True,
reduced-space,10,11,1,QP,15,13,True,
reduced-space,10,11,2,QP,18,13,True,
reduced-space,10,12,-1,LP,51,14,True,
reduced-space,10,12,0,QP,9,14,True,
reduced-space,10,12,1,QP,11,14,True,
reduced-space,10,13,-1,LP,51,15,True,
reduced-space,10,13,0,QP,10,15,True,
reduced-space,10,13,1,QP,14,15,True,
reduced-space,10,14,-1,LP,51,16,True,
reduced-space,10,14,0,QP,11,16,True,
reduced-space,10,14,1,QP,14,16,True,
reduced-space,10,14,2,QP,15,16,True,
reduced-space,10,15,-1,LP,51,17,True,
reduced-space,10,15,0,QP,12,17,True,
reduced-space,10,15,1,QP,18,17,True,
reduced-space,10,16,-1,LP,51,18,True,
reduced-space,10,16,0,QP,9,18,True,
reduced-space,10,16,1,QP,18,18,True,
reduced-space,10,17,-1,LP,51,19,True,
reduced-space,10,17,0,QP,12,19,True,
reduced-space,10,17,1,QP,15,19,True,
reduced-space,10,18,-1,LP,51,20,True,
reduced-space,10,18,0,QP,11,20,True,
reduced-space,10,18,1,QP,16,20,True,
reduced-space,10,18,2,QP,17,20,True,
reduced-space,10,19,-1,LP,51,21,True,
reduced-space,10,19,0,QP,13,21,True,
reduced-space,10,19,1,QP,18,21,True,
reduced-space,10,20,-1,LP,51,22,True,
reduced-space,10,20,0,QP,11,22,True,
reduced-space,10,20,1,QP,17,22,True,
reduced-space,10,20,2,QP,18,22,True,
reduced-space,10,21,-1,LP,51,23,True,
reduced-space,10,21,0,QP,13,23,True,
reduced-space,10,21,1,QP,15,23,True,
reduced-space,10,22,-1,LP,51,24,True,
reduced-space,10,22,0,QP,12,24,True,
reduced-space,10,22,1,QP,18,24,True,
reduced-space,10,23,-1,LP,51,25,True,
reduced-space,10,23,0,QP,11,25,True,
reduced-space,10,23,1,QP,17,25,True,
reduced-space,10,23,2,QP,18,25,True,
reduced-space,10,24,-1,LP,51,26,True,
reduced-space,10,24,0,QP,11,26,True,
reduced-space,10,24,1,QP,17,26,True,
reduced-space,10,25,-1,LP,51,27,True,
reduced-space,10,25,0,QP,12,27,True,
reduced-space,10,25,1,QP,18,27,True,
reduced-space,10,26,-1,LP,51,28,True,
reduced-space,10,26,0,QP,11,28,True,
reduced-space,10,26,1,QP,18,28,True,
reduced-space,10,27,-1,LP,51,29,True,
reduced-space,10,27,0,QP,12,29,True,
reduced-space,10,27,1,QP,18,29,True,
reduced-space,10,28,-1,LP,51,30,True,
reduced-space,10,28,0,QP,12,30,True,
reduced-space,10,28,1,QP,18,30,True,
reduced-space,10,29,-1,LP,51,31,True,
reduced-space,10,29,0,QP,11,31,True,
reduced-space,10,29,1,QP,19,31,True,
reduced-space,10,30,-1,LP,51,32,True,
reduced-space,10,30,0,QP,11,32,True,
reduced-space,10,30,1,QP,20,32,True,
reduced-space,10,31,-1,LP,51,33,True,
reduced-space,10,31,0,QP,11,33,True,
reduced-space,10,31,1,QP,17,33,True,
reduced-space,10,31,2,QP,18,33,True,
reduced-space,10,32,-1,LP,51,34,True,
reduced-space,10,32,0,QP,11,34,True,
reduced-space,10,32,1,QP,17,34,False,"_HighsSubproblemError: HiGHS did not solve the reduced QP to optimality: Solve error (HighsModelStatus.kSolveError). Reduced dimension=17, rows=34, active indices=[1, 2, 7, 9, 13, 14, 15, 21, 24, 31, 32, 35, 36, 37, 41, 47, 50]."
reduced-space,10,32,1,QP,51,34,True,
reduced-space,10,33,-1,LP,51,35,True,
reduced-space,10,33,0,QP,13,35,True,
reduced-space,10,33,1,QP,18,35,True,
reduced-space,10,34,-1,LP,51,36,True,
reduced-space,10,34,0,QP,12,36,True,
reduced-space,10,34,1,QP,19,36,True,
reduced-space,10,35,-1,LP,51,37,True,
reduced-space,10,35,0,QP,13,37,True,
reduced-space,10,35,1,QP,19,37,True,
reduced-space,10,36,-1,LP,51,38,True,
reduced-space,10,36,0,QP,12,38,True,
reduced-space,10,36,1,QP,18,38,True,
reduced-space,10,37,-1,LP,51,39,True,
reduced-space,10,37,0,QP,14,39,True,
reduced-space,10,37,1,QP,18,39,True,
reduced-space,10,37,2,QP,19,39,True,
reduced-space,10,38,-1,LP,51,40,True,
reduced-space,10,38,0,QP,14,40,True,
reduced-space,10,38,1,QP,18,40,True,
reduced-space,10,39,-1,LP,51,41,True,
reduced-space,10,39,0,QP,13,41,True,
reduced-space,10,39,1,QP,18,41,True,
reduced-space,10,39,2,QP,19,41,True,
reduced-space,10,40,-1,LP,51,42,True,
reduced-space,10,40,0,QP,13,42,True,
reduced-space,10,40,1,QP,19,42,True,
reduced-space,10,41,-1,LP,51,43,True,
reduced-space,10,41,0,QP,12,43,True,
reduced-space,10,41,1,QP,18,43,True,
reduced-space,10,42,-1,LP,51,44,True,
reduced-space,10,42,0,QP,14,44,True,
reduced-space,10,42,1,QP,19,44,True,
reduced-space,10,43,-1,LP,51,45,True,
reduced-space,10,43,0,QP,14,45,True,
reduced-space,10,43,1,QP,19,45,True,
reduced-space,10,44,-1,LP,51,46,True,
reduced-space,10,44,0,QP,14,46,True,
reduced-space,10,44,1,QP,19,46,True,
reduced-space,10,45,-1,LP,51,47,True,
reduced-space,10,45,0,QP,14,47,True,
reduced-space,10,45,1,QP,19,47,True,
reduced-space,10,46,-1,LP,51,48,True,
reduced-space,10,46,0,QP,14,48,True,
reduced-space,10,46,1,QP,19,48,True,
reduced-space,10,47,-1,LP,51,49,True,
reduced-space,10,47,0,QP,14,49,True,
reduced-space,10,47,1,QP,19,49,True,
reduced-space,10,48,-1,LP,51,50,True,
reduced-space,10,48,0,QP,14,50,True,
reduced-space,10,48,1,QP,19,50,True,
reduced-space,10,49,-1,LP,51,51,True,
reduced-space,10,49,0,QP,14,51,True,
reduced-space,10,49,1,QP,19,51,True,
reduced-space,10,50,-1,LP,51,52,True,
reduced-space,10,50,0,QP,14,52,True,
reduced-space,10,50,1,QP,19,52,True,
reduced-space,10,51,-1,LP,51,53,True,
reduced-space,10,51,0,QP,14,53,True,
reduced-space,10,51,1,QP,19,53,True,
reduced-space,10,52,-1,LP,51,54,True,
reduced-space,10,52,0,QP,13,54,True,
reduced-space,10,52,1,QP,19,54,True,
reduced-space,10,53,-1,LP,51,55,True,
reduced-space,10,53,0,QP,13,55,True,
reduced-space,10,53,1,QP,19,55,True,
reduced-space,10,54,-1,LP,51,56,True,
reduced-space,10,54,0,QP,13,56,True,
reduced-space,10,54,1,QP,19,56,True,
reduced-space,10,55,-1,LP,51,57,True,
reduced-space,10,55,0,QP,13,57,True,
reduced-space,10,55,1,QP,19,57,True,
reduced-space,10,56,-1,LP,51,58,True,
reduced-space,10,56,0,QP,13,58,True,
reduced-space,10,56,1,QP,19,58,True,
reduced-space,10,57,-1,LP,51,59,True,
reduced-space,10,57,0,QP,13,59,True,
reduced-space,10,57,1,QP,19,59,True,
reduced-space,10,58,-1,LP,51,60,True,
reduced-space,10,58,0,QP,13,60,True,
reduced-space,10,58,1,QP,19,60,True,
reduced-space,10,59,-1,LP,51,61,True,
reduced-space,10,59,0,QP,14,61,True,
reduced-space,10,59,1,QP,19,61,True,
reduced-space,10,60,-1,LP,51,62,True,
reduced-space,10,60,0,QP,14,62,True,
reduced-space,10,60,1,QP,19,62,True,
reduced-space,10,61,-1,LP,51,63,True,
reduced-space,10,61,0,QP,14,63,True,
reduced-space,10,61,1,QP,19,63,True,
reduced-space,10,62,-1,LP,51,64,True,
reduced-space,10,62,0,QP,14,64,True,
reduced-space,10,62,1,QP,19,64,True,
reduced-space,10,63,-1,LP,51,65,True,
reduced-space,10,63,0,QP,14,65,True,
reduced-space,10,63,1,QP,19,65,True,
reduced-space,10,64,-1,LP,51,66,True,
reduced-space,10,64,0,QP,14,66,True,
reduced-space,10,64,1,QP,19,66,True,
reduced-space,10,65,-1,LP,51,67,True,
reduced-space,10,65,0,QP,14,67,True,
reduced-space,10,65,1,QP,19,67,True,
reduced-space,10,66,-1,LP,51,68,True,
reduced-space,10,66,0,QP,13,68,True,
reduced-space,10,66,1,QP,19,68,True,
reduced-space,10,67,-1,LP,51,69,True,
reduced-space,10,67,0,QP,13,69,True,
reduced-space,10,67,1,QP,19,69,True,
reduced-space,10,68,-1,LP,51,70,True,
reduced-space,10,68,0,QP,13,70,True,
reduced-space,10,68,1,QP,19,70,True,
reduced-space,10,69,-1,LP,51,71,True,
reduced-space,10,69,0,QP,13,71,True,
reduced-space,10,69,1,QP,19,71,True,
reduced-space,10,70,-1,LP,51,72,True,
reduced-space,10,70,0,QP,13,72,True,
reduced-space,10,70,1,QP,19,72,True,
reduced-space,10,71,-1,LP,51,73,True,
reduced-space,10,71,0,QP,13,73,True,
reduced-space,10,71,1,QP,19,73,True,
reduced-space,10,72,-1,LP,51,74,True,
reduced-space,10,72,0,QP,13,74,True,
reduced-space,10,72,1,QP,19,74,False,"_HighsSubproblemError: HiGHS did not solve the reduced QP to optimality: Solve error (HighsModelStatus.kSolveError). Reduced dimension=19, rows=74, active indices=[1, 2, 7, 9, 13, 14, 15, 21, 24, 31, 32, 35, 36, 37, 41, 44, 46, 47, 50]."
reduced-space,10,72,1,QP,51,74,True,
reduced-space,10,73,-1,LP,51,75,True,
reduced-space,10,73,0,QP,13,75,True,
reduced-space,10,73,1,QP,19,75,True,
reduced-space,10,74,-1,LP,51,76,True,
reduced-space,10,74,0,QP,13,76,True,
reduced-space,10,74,1,QP,19,76,True,
reduced-space,10,75,-1,LP,51,77,True,
reduced-space,10,75,0,QP,13,77,True,
reduced-space,10,75,1,QP,19,77,True,
reduced-space,10,76,-1,LP,51,78,True,
reduced-space,10,76,0,QP,13,78,True,
reduced-space,10,76,1,QP,19,78,True,
reduced-space,10,77,-1,LP,51,79,True,
reduced-space,10,77,0,QP,13,79,True,
reduced-space,10,77,1,QP,19,79,True,
reduced-space,10,78,-1,LP,51,80,True,
reduced-space,10,78,0,QP,13,80,True,
reduced-space,10,78,1,QP,19,80,True,
reduced-space,10,79,-1,LP,51,81,True,
reduced-space,10,79,0,QP,13,81,True,
reduced-space,10,79,1,QP,19,81,True,
reduced-space,10,80,-1,LP,51,82,True,
reduced-space,10,80,0,QP,13,82,True,
reduced-space,10,80,1,QP,19,82,True,
reduced-space,10,81,-1,LP,51,83,True,
reduced-space,10,81,0,QP,13,83,True,
reduced-space,10,81,1,QP,19,83,True,
reduced-space,10,82,-1,LP,51,84,True,
reduced-space,10,82,0,QP,13,84,True,
reduced-space,10,82,1,QP,19,84,True,
reduced-space,10,83,-1,LP,51,85,True,
reduced-space,10,83,0,QP,13,85,True,
reduced-space,10,83,1,QP,19,85,True,
reduced-space,10,84,-1,LP,51,86,True,
reduced-space,10,84,0,QP,13,86,True,
reduced-space,10,84,1,QP,19,86,True,
reduced-space,10,85,-1,LP,51,87,True,
reduced-space,10,85,0,QP,13,87,True,
reduced-space,10,85,1,QP,19,87,True,
reduced-space,10,86,-1,LP,51,88,True,
reduced-space,10,86,0,QP,13,88,True,
reduced-space,10,86,1,QP,19,88,True,
reduced-space,10,87,-1,LP,51,89,True,
reduced-space,10,87,0,QP,13,89,True,
reduced-space,10,87,1,QP,19,89,True,
reduced-space,10,88,-1,LP,51,90,True,
reduced-space,10,88,0,QP,13,90,True,
reduced-space,10,88,1,QP,19,90,True,
